-- phpMyAdmin SQL Dump
-- version 4.3.11
-- http://www.phpmyadmin.net
--
-- Host: 127.0.0.1
-- Generation Time: 22 Nov 2018 pada 06.11
-- Versi Server: 5.6.24
-- PHP Version: 5.6.8

SET SQL_MODE = "NO_AUTO_VALUE_ON_ZERO";
SET time_zone = "+00:00";


/*!40101 SET @OLD_CHARACTER_SET_CLIENT=@@CHARACTER_SET_CLIENT */;
/*!40101 SET @OLD_CHARACTER_SET_RESULTS=@@CHARACTER_SET_RESULTS */;
/*!40101 SET @OLD_COLLATION_CONNECTION=@@COLLATION_CONNECTION */;
/*!40101 SET NAMES utf8 */;

--
-- Database: `garjas`
--

-- --------------------------------------------------------

--
-- Struktur dari tabel `dataadmin`
--

CREATE TABLE IF NOT EXISTS `dataadmin` (
  `id` int(11) NOT NULL,
  `id_user` int(11) DEFAULT NULL,
  `nama` varchar(255) DEFAULT NULL,
  `pangkat` varchar(255) DEFAULT NULL,
  `korps` varchar(20) DEFAULT NULL,
  `nrp` varchar(255) DEFAULT NULL,
  `jenis_kelamin` varchar(25) DEFAULT NULL,
  `tanggal_lahir` date DEFAULT NULL,
  `kesatuan` varchar(50) DEFAULT NULL,
  `jabatan` varchar(255) DEFAULT NULL,
  `matra` varchar(7) DEFAULT NULL,
  `date_created` datetime DEFAULT NULL,
  `date_updated` datetime DEFAULT NULL,
  `flag_del` int(1) DEFAULT NULL
) ENGINE=InnoDB AUTO_INCREMENT=3 DEFAULT CHARSET=latin1 ROW_FORMAT=COMPACT;

--
-- Dumping data untuk tabel `dataadmin`
--

INSERT INTO `dataadmin` (`id`, `id_user`, `nama`, `pangkat`, `korps`, `nrp`, `jenis_kelamin`, `tanggal_lahir`, `kesatuan`, `jabatan`, `matra`, `date_created`, `date_updated`, `flag_del`) VALUES
(1, 1, 'Atho', 'Serda', 'JAS', '223445555', 'Pria', '1976-12-24', 'Jasdam Jaya', 'Baur Jas', 'TNI AD', '2018-11-08 11:36:00', NULL, 0),
(2, 1, 'Timur Yulis Santosa', 'Sertu', 'EKO', NULL, 'Pria', '1989-07-14', 'Puskodal TNI AL', 'Ba Urharkomp', 'TNI AL', '2018-11-08 06:13:22', NULL, 0);

-- --------------------------------------------------------

--
-- Struktur dari tabel `jenis_seldik`
--

CREATE TABLE IF NOT EXISTS `jenis_seldik` (
  `id_seldik` int(11) NOT NULL,
  `nama_seldik` varchar(100) DEFAULT NULL
) ENGINE=InnoDB DEFAULT CHARSET=latin1;

-- --------------------------------------------------------

--
-- Struktur dari tabel `kotama`
--

CREATE TABLE IF NOT EXISTS `kotama` (
  `id_kotama` int(11) NOT NULL,
  `nama_kotama` varchar(100) DEFAULT NULL,
  `id_mabes` int(11) DEFAULT NULL
) ENGINE=InnoDB DEFAULT CHARSET=latin1;

-- --------------------------------------------------------

--
-- Struktur dari tabel `lari_pria`
--

CREATE TABLE IF NOT EXISTS `lari_pria` (
  `id_nilai` int(11) NOT NULL,
  `waktu_lari` time DEFAULT NULL,
  `I` int(11) DEFAULT NULL,
  `II` int(11) DEFAULT NULL,
  `III` int(11) DEFAULT NULL,
  `IV` int(11) DEFAULT NULL,
  `V` int(11) DEFAULT NULL,
  `VI` int(11) DEFAULT NULL,
  `VII` int(11) DEFAULT NULL,
  `VIII` int(11) DEFAULT NULL,
  `IX` int(11) DEFAULT NULL,
  `X` int(11) DEFAULT NULL
) ENGINE=InnoDB DEFAULT CHARSET=latin1;

--
-- Dumping data untuk tabel `lari_pria`
--

INSERT INTO `lari_pria` (`id_nilai`, `waktu_lari`, `I`, `II`, `III`, `IV`, `V`, `VI`, `VII`, `VIII`, `IX`, `X`) VALUES
(1, '00:10:57', 100, 100, 100, 100, 100, 100, 100, 100, 100, 100),
(2, '00:11:01', 99, 100, 100, 100, 100, 100, 100, 100, 100, 100),
(3, '00:11:05', 98, 100, 100, 100, 100, 100, 100, 100, 100, 100),
(4, '00:11:09', 97, 100, 100, 100, 100, 100, 100, 100, 100, 100),
(5, '00:11:13', 96, 100, 100, 100, 100, 100, 100, 100, 100, 100),
(6, '00:11:17', 95, 100, 100, 100, 100, 100, 100, 100, 100, 100),
(7, '00:11:21', 94, 99, 100, 100, 100, 100, 100, 100, 100, 100),
(8, '00:11:25', 93, 98, 100, 100, 100, 100, 100, 100, 100, 100),
(9, '00:11:29', 92, 97, 100, 100, 100, 100, 100, 100, 100, 100),
(10, '00:11:33', 91, 96, 100, 100, 100, 100, 100, 100, 100, 100),
(11, '00:11:37', 90, 95, 100, 100, 100, 100, 100, 100, 100, 100),
(12, '00:11:41', 89, 94, 99, 100, 100, 100, 100, 100, 100, 100),
(13, '00:11:45', 88, 93, 98, 100, 100, 100, 100, 100, 100, 100),
(14, '00:11:49', 87, 92, 97, 100, 100, 100, 100, 100, 100, 100),
(15, '00:11:53', 86, 91, 96, 100, 100, 100, 100, 100, 100, 100),
(16, '00:11:57', 85, 90, 95, 100, 100, 100, 100, 100, 100, 100),
(17, '00:12:01', 84, 89, 94, 99, 100, 100, 100, 100, 100, 100),
(18, '00:12:06', 83, 88, 93, 98, 100, 100, 100, 100, 100, 100),
(19, '00:12:11', 82, 87, 92, 97, 100, 100, 100, 100, 100, 100),
(20, '00:12:16', 81, 86, 91, 96, 100, 100, 100, 100, 100, 100),
(21, '00:12:21', 80, 85, 90, 95, 100, 100, 100, 100, 100, 100),
(22, '00:12:26', 79, 84, 89, 94, 99, 100, 100, 100, 100, 100),
(23, '00:12:31', 78, 83, 88, 93, 98, 100, 100, 100, 100, 100),
(24, '00:12:36', 77, 82, 87, 92, 97, 100, 100, 100, 100, 100),
(25, '00:12:41', 76, 81, 86, 91, 96, 100, 100, 100, 100, 100),
(26, '00:12:46', 75, 80, 85, 90, 95, 100, 100, 100, 100, 100),
(27, '00:12:51', 74, 79, 84, 89, 94, 99, 100, 100, 100, 100),
(28, '00:12:57', 73, 78, 83, 88, 93, 98, 100, 100, 100, 100),
(29, '00:13:03', 72, 77, 82, 87, 92, 97, 100, 100, 100, 100),
(30, '00:13:09', 71, 76, 81, 86, 91, 96, 100, 100, 100, 100),
(31, '00:13:15', 70, 75, 80, 85, 90, 95, 100, 100, 100, 100),
(32, '00:13:21', 69, 74, 79, 84, 89, 94, 99, 100, 100, 100),
(33, '00:13:27', 68, 73, 78, 83, 88, 93, 98, 100, 100, 100),
(34, '00:13:33', 67, 72, 77, 82, 87, 92, 97, 100, 100, 100),
(35, '00:13:39', 66, 71, 76, 81, 86, 91, 96, 100, 100, 100),
(36, '00:13:45', 65, 70, 75, 80, 85, 90, 95, 100, 100, 100),
(37, '00:13:51', 64, 69, 74, 79, 84, 89, 94, 99, 100, 100),
(38, '00:13:58', 63, 68, 73, 78, 83, 88, 93, 98, 100, 100),
(39, '00:14:05', 62, 67, 72, 77, 82, 87, 92, 97, 100, 100),
(40, '00:14:12', 61, 66, 71, 76, 81, 86, 91, 96, 100, 100),
(41, '00:14:19', 60, 65, 70, 75, 80, 85, 90, 95, 100, 100),
(42, '00:14:26', 59, 64, 69, 74, 79, 84, 89, 94, 100, 100),
(43, '00:14:33', 58, 63, 68, 73, 78, 83, 88, 93, 100, 100),
(44, '00:14:40', 57, 62, 67, 72, 77, 82, 87, 92, 100, 100),
(45, '00:14:47', 56, 61, 66, 71, 76, 81, 86, 91, 99, 100),
(46, '00:14:54', 55, 60, 65, 70, 75, 80, 85, 90, 98, 100),
(47, '00:15:01', 54, 59, 64, 69, 74, 79, 84, 89, 97, 100),
(48, '00:15:09', 53, 58, 63, 68, 73, 78, 83, 88, 96, 100),
(49, '00:15:17', 52, 57, 62, 67, 72, 77, 82, 87, 95, 100),
(50, '00:15:25', 51, 56, 61, 66, 71, 76, 81, 86, 94, 100),
(51, '00:15:33', 50, 55, 60, 65, 70, 75, 80, 85, 93, 100),
(52, '00:15:41', 49, 54, 59, 64, 69, 74, 79, 84, 92, 100),
(53, '00:15:49', 48, 53, 58, 63, 68, 73, 78, 83, 91, 99),
(54, '00:15:57', 47, 52, 57, 62, 67, 72, 77, 82, 90, 98),
(55, '00:16:05', 46, 51, 56, 61, 66, 71, 76, 81, 89, 97),
(56, '00:16:13', 45, 50, 55, 60, 65, 70, 75, 80, 88, 96),
(57, '00:16:21', 44, 49, 54, 59, 64, 69, 74, 79, 87, 95),
(58, '00:16:30', 43, 48, 53, 58, 63, 68, 73, 78, 86, 94),
(59, '00:16:39', 42, 47, 52, 57, 62, 67, 72, 77, 85, 93),
(60, '00:16:48', 41, 46, 51, 56, 61, 66, 71, 76, 84, 92),
(61, '00:16:57', 40, 45, 50, 55, 60, 65, 70, 75, 83, 91),
(62, '00:17:06', 39, 44, 49, 54, 59, 64, 69, 74, 82, 90),
(63, '00:17:15', 38, 43, 48, 53, 58, 63, 68, 73, 81, 89),
(64, '00:17:24', 37, 42, 47, 52, 57, 62, 67, 72, 80, 88),
(65, '00:17:33', 36, 41, 46, 51, 56, 61, 66, 71, 79, 87),
(66, '00:17:42', 35, 40, 45, 50, 55, 60, 65, 70, 78, 86),
(67, '00:17:51', 34, 39, 44, 49, 54, 59, 64, 69, 77, 85),
(68, '00:18:01', 33, 38, 43, 48, 53, 58, 63, 68, 76, 84),
(69, '00:18:11', 32, 37, 42, 47, 52, 57, 62, 67, 75, 83),
(70, '00:18:21', 31, 36, 41, 46, 51, 56, 61, 66, 74, 82),
(71, '00:18:31', 30, 35, 40, 45, 50, 55, 60, 65, 73, 81),
(72, '00:18:41', 29, 34, 39, 44, 49, 54, 59, 64, 72, 80),
(73, '00:18:51', 28, 33, 38, 43, 48, 53, 58, 63, 71, 79),
(74, '00:19:01', 27, 32, 37, 42, 47, 52, 57, 62, 70, 78),
(75, '00:19:11', 26, 31, 36, 41, 46, 51, 56, 61, 69, 77),
(76, '00:19:21', 25, 30, 35, 40, 45, 50, 55, 60, 68, 76),
(77, '00:19:31', 24, 29, 34, 39, 44, 49, 54, 59, 67, 75),
(78, '00:19:42', 23, 28, 33, 38, 43, 48, 53, 58, 66, 74),
(79, '00:19:53', 22, 27, 32, 37, 42, 47, 52, 57, 65, 73),
(80, '00:20:04', 21, 26, 31, 36, 41, 46, 51, 56, 64, 72),
(81, '00:20:15', 20, 25, 30, 35, 40, 45, 50, 55, 63, 71),
(82, '00:20:26', 19, 24, 29, 34, 39, 44, 49, 54, 62, 70),
(83, '00:20:37', 18, 23, 28, 33, 38, 43, 48, 53, 61, 69),
(84, '00:20:48', 17, 22, 27, 32, 37, 42, 47, 52, 60, 68),
(85, '00:20:59', 16, 21, 26, 31, 36, 41, 46, 51, 59, 67),
(86, '00:21:10', 15, 20, 25, 30, 35, 40, 45, 50, 58, 66),
(87, '00:21:21', 14, 19, 24, 29, 34, 39, 44, 49, 57, 65),
(88, '00:21:33', 13, 18, 23, 28, 33, 38, 43, 48, 56, 64),
(89, '00:21:45', 12, 17, 22, 27, 32, 37, 42, 47, 55, 63),
(90, '00:21:57', 11, 16, 21, 26, 31, 36, 41, 46, 54, 62),
(91, '00:22:09', 10, 15, 20, 25, 30, 35, 40, 45, 53, 61),
(92, '00:22:21', 9, 14, 19, 24, 29, 34, 39, 44, 52, 60),
(93, '00:22:33', 8, 13, 18, 23, 28, 33, 38, 43, 51, 59),
(94, '00:22:45', 7, 12, 17, 22, 27, 32, 37, 42, 50, 58),
(95, '00:22:57', 6, 11, 16, 21, 26, 31, 36, 41, 49, 57),
(96, '00:23:09', 5, 10, 15, 20, 25, 30, 35, 40, 48, 56),
(97, '00:23:21', 4, 9, 14, 19, 24, 29, 34, 39, 47, 55),
(98, '00:23:34', 3, 8, 13, 18, 23, 28, 33, 38, 46, 54),
(99, '00:23:47', 2, 7, 12, 17, 22, 27, 32, 37, 45, 53),
(100, '00:24:00', 1, 6, 11, 16, 21, 26, 31, 36, 44, 52),
(101, '00:24:13', 0, 5, 10, 15, 20, 25, 30, 35, 43, 51),
(102, '00:24:26', 0, 4, 9, 14, 19, 24, 29, 34, 42, 50),
(103, '00:24:39', 0, 3, 8, 13, 18, 23, 28, 33, 41, 49),
(104, '00:24:52', 0, 2, 7, 12, 17, 22, 27, 32, 40, 48),
(105, '00:25:05', 0, 1, 6, 11, 16, 21, 26, 31, 39, 47),
(106, '00:25:18', 0, 0, 5, 10, 15, 20, 25, 30, 38, 46),
(107, '00:25:31', 0, 0, 4, 9, 14, 19, 24, 29, 37, 45),
(108, '00:25:45', 0, 0, 3, 8, 13, 18, 23, 28, 36, 44),
(109, '00:25:59', 0, 0, 2, 7, 12, 17, 22, 27, 35, 43),
(110, '00:26:13', 0, 0, 1, 6, 11, 16, 21, 26, 34, 42),
(111, '00:26:27', 0, 0, 0, 5, 10, 15, 20, 25, 33, 41),
(112, '00:26:41', 0, 0, 0, 4, 9, 14, 19, 24, 32, 40),
(113, '00:26:55', 0, 0, 0, 3, 8, 13, 18, 23, 31, 39),
(114, '00:27:09', 0, 0, 0, 2, 7, 12, 17, 22, 30, 38),
(115, '00:27:23', 0, 0, 0, 1, 6, 11, 16, 21, 29, 37),
(116, '00:27:37', 0, 0, 0, 0, 5, 10, 15, 20, 28, 36),
(117, '00:27:51', 0, 0, 0, 0, 4, 9, 14, 19, 27, 35),
(118, '00:28:06', 0, 0, 0, 0, 3, 8, 13, 18, 26, 34),
(119, '00:28:21', 0, 0, 0, 0, 2, 7, 12, 17, 25, 33),
(120, '00:28:36', 0, 0, 0, 0, 1, 6, 11, 16, 24, 32),
(121, '00:28:51', 0, 0, 0, 0, 0, 5, 10, 15, 23, 31),
(122, '00:29:06', 0, 0, 0, 0, 0, 4, 9, 14, 22, 30),
(123, '00:29:21', 0, 0, 0, 0, 0, 3, 8, 13, 21, 29),
(124, '00:29:36', 0, 0, 0, 0, 0, 2, 7, 12, 20, 28),
(125, '00:29:51', 0, 0, 0, 0, 0, 1, 6, 11, 19, 27),
(126, '00:30:06', 0, 0, 0, 0, 0, 0, 5, 10, 18, 26),
(127, '00:30:21', 0, 0, 0, 0, 0, 0, 4, 9, 17, 25),
(128, '00:30:37', 0, 0, 0, 0, 0, 0, 3, 8, 16, 24),
(129, '00:30:53', 0, 0, 0, 0, 0, 0, 2, 7, 15, 23),
(130, '00:31:09', 0, 0, 0, 0, 0, 0, 1, 6, 14, 22),
(131, '00:31:25', 0, 0, 0, 0, 0, 0, 0, 5, 13, 21),
(132, '00:31:41', 0, 0, 0, 0, 0, 0, 0, 4, 12, 20),
(133, '00:31:57', 0, 0, 0, 0, 0, 0, 0, 3, 11, 19),
(134, '00:32:13', 0, 0, 0, 0, 0, 0, 0, 2, 10, 18),
(135, '00:32:29', 0, 0, 0, 0, 0, 0, 0, 1, 9, 17),
(136, '00:32:46', 0, 0, 0, 0, 0, 0, 0, 0, 8, 16),
(137, '00:33:03', 0, 0, 0, 0, 0, 0, 0, 0, 7, 15),
(138, '00:33:20', 0, 0, 0, 0, 0, 0, 0, 0, 6, 14),
(139, '00:33:37', 0, 0, 0, 0, 0, 0, 0, 0, 5, 13),
(140, '00:33:54', 0, 0, 0, 0, 0, 0, 0, 0, 4, 12),
(141, '00:34:11', 0, 0, 0, 0, 0, 0, 0, 0, 3, 11),
(142, '00:34:28', 0, 0, 0, 0, 0, 0, 0, 0, 2, 10),
(143, '00:34:46', 0, 0, 0, 0, 0, 0, 0, 0, 1, 9),
(144, '00:35:04', 0, 0, 0, 0, 0, 0, 0, 0, 0, 8),
(145, '00:35:22', 0, 0, 0, 0, 0, 0, 0, 0, 0, 7),
(146, '00:35:40', 0, 0, 0, 0, 0, 0, 0, 0, 0, 6),
(147, '00:35:58', 0, 0, 0, 0, 0, 0, 0, 0, 0, 5),
(148, '00:36:16', 0, 0, 0, 0, 0, 0, 0, 0, 0, 4),
(149, '00:36:34', 0, 0, 0, 0, 0, 0, 0, 0, 0, 3),
(150, '00:36:52', 0, 0, 0, 0, 0, 0, 0, 0, 0, 2),
(151, '00:37:10', 0, 0, 0, 0, 0, 0, 0, 0, 0, 1);

-- --------------------------------------------------------

--
-- Struktur dari tabel `lari_wanita`
--

CREATE TABLE IF NOT EXISTS `lari_wanita` (
  `id_nilai` int(11) NOT NULL,
  `waktu_lari` time DEFAULT NULL,
  `I` int(11) DEFAULT NULL,
  `II` int(11) DEFAULT NULL,
  `III` int(11) DEFAULT NULL,
  `IV` int(11) DEFAULT NULL,
  `V` int(11) DEFAULT NULL,
  `VI` int(11) DEFAULT NULL,
  `VII` int(11) DEFAULT NULL,
  `VIII` int(11) DEFAULT NULL,
  `IX` int(11) DEFAULT NULL,
  `X` int(11) DEFAULT NULL
) ENGINE=InnoDB DEFAULT CHARSET=latin1;

--
-- Dumping data untuk tabel `lari_wanita`
--

INSERT INTO `lari_wanita` (`id_nilai`, `waktu_lari`, `I`, `II`, `III`, `IV`, `V`, `VI`, `VII`, `VIII`, `IX`, `X`) VALUES
(1, '00:13:15', 100, 100, 100, 100, 100, 100, 100, 100, 100, 100),
(2, '00:13:21', 99, 100, 100, 100, 100, 100, 100, 100, 100, 100),
(3, '00:13:27', 98, 100, 100, 100, 100, 100, 100, 100, 100, 100),
(4, '00:13:33', 97, 100, 100, 100, 100, 100, 100, 100, 100, 100),
(5, '00:13:39', 96, 100, 100, 100, 100, 100, 100, 100, 100, 100),
(6, '00:13:45', 95, 100, 100, 100, 100, 100, 100, 100, 100, 100),
(7, '00:13:51', 94, 99, 100, 100, 100, 100, 100, 100, 100, 100),
(8, '00:13:58', 93, 98, 100, 100, 100, 100, 100, 100, 100, 100),
(9, '00:14:05', 92, 97, 100, 100, 100, 100, 100, 100, 100, 100),
(10, '00:14:12', 91, 96, 100, 100, 100, 100, 100, 100, 100, 100),
(11, '00:14:19', 90, 95, 100, 100, 100, 100, 100, 100, 100, 100),
(12, '00:14:26', 89, 94, 99, 100, 100, 100, 100, 100, 100, 100),
(13, '00:14:33', 88, 93, 98, 100, 100, 100, 100, 100, 100, 100),
(14, '00:14:40', 87, 92, 97, 100, 100, 100, 100, 100, 100, 100),
(15, '00:14:47', 86, 91, 96, 100, 100, 100, 100, 100, 100, 100),
(16, '00:14:54', 85, 90, 95, 100, 100, 100, 100, 100, 100, 100),
(17, '00:15:01', 84, 89, 94, 99, 100, 100, 100, 100, 100, 100),
(18, '00:15:09', 83, 88, 93, 98, 100, 100, 100, 100, 100, 100),
(19, '00:15:17', 82, 87, 92, 97, 100, 100, 100, 100, 100, 100),
(20, '00:15:25', 81, 86, 91, 96, 100, 100, 100, 100, 100, 100),
(21, '00:15:33', 80, 85, 90, 95, 100, 100, 100, 100, 100, 100),
(22, '00:15:41', 79, 84, 89, 94, 99, 100, 100, 100, 100, 100),
(23, '00:15:49', 78, 83, 88, 93, 98, 100, 100, 100, 100, 100),
(24, '00:15:57', 77, 82, 87, 92, 97, 100, 100, 100, 100, 100),
(25, '00:16:05', 76, 81, 86, 91, 96, 100, 100, 100, 100, 100),
(26, '00:16:13', 75, 80, 85, 90, 95, 100, 100, 100, 100, 100),
(27, '00:16:21', 74, 79, 84, 89, 94, 99, 100, 100, 100, 100),
(28, '00:16:30', 73, 78, 83, 88, 93, 98, 100, 100, 100, 100),
(29, '00:16:39', 72, 77, 82, 87, 92, 97, 100, 100, 100, 100),
(30, '00:16:48', 71, 76, 81, 86, 91, 96, 100, 100, 100, 100),
(31, '00:16:57', 70, 75, 80, 85, 90, 95, 100, 100, 100, 100),
(32, '00:17:06', 69, 74, 79, 84, 89, 94, 99, 100, 100, 100),
(33, '00:17:15', 68, 73, 78, 83, 88, 93, 98, 100, 100, 100),
(34, '00:17:24', 67, 72, 77, 82, 87, 92, 97, 100, 100, 100),
(35, '00:17:33', 66, 71, 76, 81, 86, 91, 96, 100, 100, 100),
(36, '00:17:42', 65, 70, 75, 80, 85, 90, 95, 100, 100, 100),
(37, '00:17:51', 64, 69, 74, 79, 84, 89, 94, 99, 100, 100),
(38, '00:18:01', 63, 68, 73, 78, 83, 88, 93, 98, 100, 100),
(39, '00:18:11', 62, 67, 72, 77, 82, 87, 92, 97, 100, 100),
(40, '00:18:21', 61, 66, 71, 76, 81, 86, 91, 96, 100, 100),
(41, '00:18:31', 60, 65, 70, 75, 80, 85, 90, 95, 100, 100),
(42, '00:18:41', 59, 64, 69, 74, 79, 84, 89, 94, 100, 100),
(43, '00:18:51', 58, 63, 68, 73, 78, 83, 88, 93, 100, 100),
(44, '00:19:01', 57, 62, 67, 72, 77, 82, 87, 92, 100, 100),
(45, '00:19:11', 56, 61, 66, 71, 76, 81, 86, 91, 99, 100),
(46, '00:19:21', 55, 60, 65, 70, 75, 80, 85, 90, 98, 100),
(47, '00:19:31', 54, 59, 64, 69, 74, 79, 84, 89, 97, 100),
(48, '00:19:42', 53, 58, 63, 68, 73, 78, 83, 88, 96, 100),
(49, '00:19:53', 52, 57, 62, 67, 72, 77, 82, 87, 95, 100),
(50, '00:20:04', 51, 56, 61, 66, 71, 76, 81, 86, 94, 100),
(51, '00:20:15', 50, 55, 60, 65, 70, 75, 80, 85, 93, 100),
(52, '00:20:26', 49, 54, 59, 64, 69, 74, 79, 84, 92, 100),
(53, '00:20:37', 48, 53, 58, 63, 68, 73, 78, 83, 91, 99),
(54, '00:20:48', 47, 52, 57, 62, 67, 72, 77, 82, 90, 98),
(55, '00:20:59', 46, 51, 56, 61, 66, 71, 76, 81, 89, 97),
(56, '00:21:10', 45, 50, 55, 60, 65, 70, 75, 80, 88, 96),
(57, '00:21:21', 44, 49, 54, 59, 64, 69, 74, 79, 87, 95),
(58, '00:21:33', 43, 48, 53, 58, 63, 68, 73, 78, 86, 94),
(59, '00:21:45', 42, 47, 52, 57, 62, 67, 72, 77, 85, 93),
(60, '00:21:57', 41, 46, 51, 56, 61, 66, 71, 76, 84, 92),
(61, '00:22:09', 40, 45, 50, 55, 60, 65, 70, 75, 83, 91),
(62, '00:22:21', 39, 44, 49, 54, 59, 64, 69, 74, 82, 90),
(63, '00:22:33', 38, 43, 48, 53, 58, 63, 68, 73, 81, 89),
(64, '00:22:45', 37, 42, 47, 52, 57, 62, 67, 72, 80, 88),
(65, '00:22:57', 36, 41, 46, 51, 56, 61, 66, 71, 79, 87),
(66, '00:23:09', 35, 40, 45, 50, 55, 60, 65, 70, 78, 86),
(67, '00:23:21', 34, 39, 44, 49, 54, 59, 64, 69, 77, 85),
(68, '00:23:34', 33, 38, 43, 48, 53, 58, 63, 68, 76, 84),
(69, '00:23:47', 32, 37, 42, 47, 52, 57, 62, 67, 75, 83),
(70, '00:24:00', 31, 36, 41, 46, 51, 56, 61, 66, 74, 82),
(71, '00:24:13', 30, 35, 40, 45, 50, 55, 60, 65, 73, 81),
(72, '00:24:26', 29, 34, 39, 44, 49, 54, 59, 64, 72, 80),
(73, '00:24:39', 28, 33, 38, 43, 48, 53, 58, 63, 71, 79),
(74, '00:24:52', 27, 32, 37, 42, 47, 52, 57, 62, 70, 78),
(75, '00:25:05', 26, 31, 36, 41, 46, 51, 56, 61, 69, 77),
(76, '00:25:18', 25, 30, 35, 40, 45, 50, 55, 60, 68, 76),
(77, '00:25:31', 24, 29, 34, 39, 44, 49, 54, 59, 67, 75),
(78, '00:25:45', 23, 28, 33, 38, 43, 48, 53, 58, 66, 74),
(79, '00:25:59', 22, 27, 32, 37, 42, 47, 52, 57, 65, 73),
(80, '00:26:13', 21, 26, 31, 36, 41, 46, 51, 56, 64, 72),
(81, '00:26:27', 20, 25, 30, 35, 40, 45, 50, 55, 63, 71),
(82, '00:26:41', 19, 24, 29, 34, 39, 44, 49, 54, 62, 70),
(83, '00:26:55', 18, 23, 28, 33, 38, 43, 48, 53, 61, 69),
(84, '00:27:09', 17, 22, 27, 32, 37, 42, 47, 52, 60, 68),
(85, '00:27:23', 16, 21, 26, 31, 36, 41, 46, 51, 59, 67),
(86, '00:27:37', 15, 20, 25, 30, 35, 40, 45, 50, 58, 66),
(87, '00:27:51', 14, 19, 24, 29, 34, 39, 44, 49, 57, 65),
(88, '00:28:06', 13, 18, 23, 28, 33, 38, 43, 48, 56, 64),
(89, '00:28:21', 12, 17, 22, 27, 32, 37, 42, 47, 55, 63),
(90, '00:28:36', 11, 16, 21, 26, 31, 36, 41, 46, 54, 62),
(91, '00:28:51', 10, 15, 20, 25, 30, 35, 40, 45, 53, 61),
(92, '00:29:06', 9, 14, 19, 24, 29, 34, 39, 44, 52, 60),
(93, '00:29:21', 8, 13, 18, 23, 28, 33, 38, 43, 51, 59),
(94, '00:29:36', 7, 12, 17, 22, 27, 32, 37, 42, 50, 58),
(95, '00:29:51', 6, 11, 16, 21, 26, 31, 36, 41, 49, 57),
(96, '00:30:06', 5, 10, 15, 20, 25, 30, 35, 40, 48, 56),
(97, '00:30:21', 4, 9, 14, 19, 24, 29, 34, 39, 47, 55),
(98, '00:30:37', 3, 8, 13, 18, 23, 28, 33, 38, 46, 54),
(99, '00:30:53', 2, 7, 12, 17, 22, 27, 32, 37, 45, 53),
(100, '00:31:09', 1, 6, 11, 16, 21, 26, 31, 36, 44, 52),
(101, '00:31:25', 0, 5, 10, 15, 20, 25, 30, 35, 43, 51),
(102, '00:31:41', 0, 4, 9, 14, 19, 24, 29, 34, 42, 50),
(103, '00:31:57', 0, 3, 8, 13, 18, 23, 28, 33, 41, 49),
(104, '00:32:13', 0, 2, 7, 12, 17, 22, 27, 32, 40, 48),
(105, '00:32:29', 0, 1, 6, 11, 16, 21, 26, 31, 39, 47),
(106, '00:32:46', 0, 0, 5, 10, 15, 20, 25, 30, 38, 46),
(107, '00:33:03', 0, 0, 4, 9, 14, 19, 24, 29, 37, 45),
(108, '00:33:20', 0, 0, 3, 8, 13, 18, 23, 28, 36, 44),
(109, '00:33:37', 0, 0, 2, 7, 12, 17, 22, 27, 35, 43),
(110, '00:33:54', 0, 0, 1, 6, 11, 16, 21, 26, 34, 42),
(111, '00:34:11', 0, 0, 0, 5, 10, 15, 20, 25, 33, 41),
(112, '00:34:28', 0, 0, 0, 4, 9, 14, 19, 24, 32, 40),
(113, '00:34:46', 0, 0, 0, 3, 8, 13, 18, 23, 31, 39),
(114, '00:35:04', 0, 0, 0, 2, 7, 12, 17, 22, 30, 38),
(115, '00:35:22', 0, 0, 0, 1, 6, 11, 16, 21, 29, 37),
(116, '00:35:40', 0, 0, 0, 0, 5, 10, 15, 20, 28, 36),
(117, '00:35:58', 0, 0, 0, 0, 4, 9, 14, 19, 27, 35),
(118, '00:36:16', 0, 0, 0, 0, 3, 8, 13, 18, 26, 34),
(119, '00:36:34', 0, 0, 0, 0, 2, 7, 12, 17, 25, 33),
(120, '00:36:52', 0, 0, 0, 0, 1, 6, 11, 16, 24, 32),
(121, '00:37:10', 0, 0, 0, 0, 0, 5, 10, 15, 23, 31),
(122, '00:37:29', 0, 0, 0, 0, 0, 4, 9, 14, 22, 30),
(123, '00:37:48', 0, 0, 0, 0, 0, 3, 8, 13, 21, 29),
(124, '00:38:07', 0, 0, 0, 0, 0, 2, 7, 12, 20, 28),
(125, '00:38:26', 0, 0, 0, 0, 0, 1, 6, 11, 19, 27),
(126, '00:38:45', 0, 0, 0, 0, 0, 0, 5, 10, 18, 26),
(127, '00:39:04', 0, 0, 0, 0, 0, 0, 4, 9, 17, 25),
(128, '00:39:23', 0, 0, 0, 0, 0, 0, 3, 8, 16, 24),
(129, '00:39:42', 0, 0, 0, 0, 0, 0, 2, 7, 15, 23),
(130, '00:40:01', 0, 0, 0, 0, 0, 0, 1, 6, 14, 22),
(131, '00:40:20', 0, 0, 0, 0, 0, 0, 0, 5, 13, 21),
(132, '00:40:40', 0, 0, 0, 0, 0, 0, 0, 4, 12, 20),
(133, '00:41:00', 0, 0, 0, 0, 0, 0, 0, 3, 11, 19),
(134, '00:41:20', 0, 0, 0, 0, 0, 0, 0, 2, 10, 18),
(135, '00:41:40', 0, 0, 0, 0, 0, 0, 0, 1, 9, 17),
(136, '00:42:00', 0, 0, 0, 0, 0, 0, 0, 0, 8, 16),
(137, '00:42:20', 0, 0, 0, 0, 0, 0, 0, 0, 7, 15),
(138, '00:42:40', 0, 0, 0, 0, 0, 0, 0, 0, 6, 14),
(139, '00:43:00', 0, 0, 0, 0, 0, 0, 0, 0, 5, 13),
(140, '00:43:20', 0, 0, 0, 0, 0, 0, 0, 0, 4, 12),
(141, '00:43:40', 0, 0, 0, 0, 0, 0, 0, 0, 3, 11),
(142, '00:44:01', 0, 0, 0, 0, 0, 0, 0, 0, 2, 10),
(143, '00:44:22', 0, 0, 0, 0, 0, 0, 0, 0, 1, 9),
(144, '00:44:43', 0, 0, 0, 0, 0, 0, 0, 0, 0, 8),
(145, '00:45:04', 0, 0, 0, 0, 0, 0, 0, 0, 0, 7),
(146, '00:45:25', 0, 0, 0, 0, 0, 0, 0, 0, 0, 6),
(147, '00:45:46', 0, 0, 0, 0, 0, 0, 0, 0, 0, 5),
(148, '00:46:07', 0, 0, 0, 0, 0, 0, 0, 0, 0, 4),
(149, '00:46:28', 0, 0, 0, 0, 0, 0, 0, 0, 0, 3),
(150, '00:46:49', 0, 0, 0, 0, 0, 0, 0, 0, 0, 2),
(151, '00:47:10', 0, 0, 0, 0, 0, 0, 0, 0, 0, 1);

-- --------------------------------------------------------

--
-- Struktur dari tabel `mabes`
--

CREATE TABLE IF NOT EXISTS `mabes` (
  `id_mabes` int(11) NOT NULL,
  `nama_mabes` varchar(100) DEFAULT NULL
) ENGINE=InnoDB DEFAULT CHARSET=latin1;

-- --------------------------------------------------------

--
-- Struktur dari tabel `nilai_b_pria`
--

CREATE TABLE IF NOT EXISTS `nilai_b_pria` (
  `id` int(11) NOT NULL,
  `I` int(11) DEFAULT NULL,
  `II` int(11) DEFAULT NULL,
  `III` int(11) DEFAULT NULL,
  `IV` int(11) DEFAULT NULL,
  `V` int(11) DEFAULT NULL,
  `VI` int(11) DEFAULT NULL,
  `VII` int(11) DEFAULT NULL,
  `VIII` int(11) DEFAULT NULL,
  `IX` int(11) DEFAULT NULL,
  `X` int(11) DEFAULT NULL,
  `pull_up` varchar(5) DEFAULT NULL,
  `sit_up` varchar(5) DEFAULT NULL,
  `push_up` varchar(5) DEFAULT NULL,
  `shuttle_run` varchar(5) DEFAULT NULL
) ENGINE=InnoDB DEFAULT CHARSET=latin1;

--
-- Dumping data untuk tabel `nilai_b_pria`
--

INSERT INTO `nilai_b_pria` (`id`, `I`, `II`, `III`, `IV`, `V`, `VI`, `VII`, `VIII`, `IX`, `X`, `pull_up`, `sit_up`, `push_up`, `shuttle_run`) VALUES
(1, 100, 100, 100, 100, 100, 100, 100, 100, 100, 100, '18', '45', '43', '15.9'),
(2, 99, 100, 100, 100, 100, 100, 100, 100, 100, 100, '-', '-', '-', '16'),
(3, 98, 100, 100, 100, 100, 100, 100, 100, 100, 100, '-', '44', '42', '16.1'),
(4, 97, 100, 100, 100, 100, 100, 100, 100, 100, 100, '-', '-', '-', '16.2'),
(5, 96, 100, 100, 100, 100, 100, 100, 100, 100, 100, '-', '-', '-', '16.3'),
(6, 95, 100, 100, 100, 100, 100, 100, 100, 100, 100, '17', '43', '41', '16.4'),
(7, 94, 99, 100, 100, 100, 100, 100, 100, 100, 100, '-', '-', '-', '16.5'),
(8, 93, 98, 100, 100, 100, 100, 100, 100, 100, 100, '-', '42', '40', '16.6'),
(9, 92, 97, 100, 100, 100, 100, 100, 100, 100, 100, '-', '-', '-', '16.7'),
(10, 91, 96, 100, 100, 100, 100, 100, 100, 100, 100, '-', '-', '-', '16.8'),
(11, 90, 95, 100, 100, 100, 100, 100, 100, 100, 100, '16', '41', '39', '16.9'),
(12, 89, 94, 99, 100, 100, 100, 100, 100, 100, 100, '-', '-', '-', '17'),
(13, 88, 93, 98, 100, 100, 100, 100, 100, 100, 100, '-', '40', '38', '17.1'),
(14, 87, 92, 97, 100, 100, 100, 100, 100, 100, 100, '-', '-', '-', '17.2'),
(15, 86, 91, 96, 100, 100, 100, 100, 100, 100, 100, '-', '-', '-', '17.3'),
(16, 85, 90, 95, 100, 100, 100, 100, 100, 100, 100, '15', '39', '37', '17.4'),
(17, 84, 89, 94, 99, 100, 100, 100, 100, 100, 100, '-', '-', '-', '17.5'),
(18, 83, 88, 93, 98, 100, 100, 100, 100, 100, 100, '-', '38', '36', '17.6'),
(19, 82, 87, 92, 97, 100, 100, 100, 100, 100, 100, '-', '-', '-', '17.7'),
(20, 81, 86, 91, 96, 100, 100, 100, 100, 100, 100, '-', '-', '-', '17.8'),
(21, 80, 85, 90, 95, 100, 100, 100, 100, 100, 100, '14', '37', '35', '17.9'),
(22, 79, 84, 89, 94, 99, 100, 100, 100, 100, 100, '-', '-', '-', '18'),
(23, 78, 83, 88, 93, 98, 100, 100, 100, 100, 100, '-', '36', '34', '18.1'),
(24, 77, 82, 87, 92, 97, 100, 100, 100, 100, 100, '-', '-', '-', '18.2'),
(25, 76, 81, 86, 91, 96, 100, 100, 100, 100, 100, '-', '-', '-', '18.3'),
(26, 75, 80, 85, 90, 95, 100, 100, 100, 100, 100, '13', '35', '33', '18.4'),
(27, 74, 79, 84, 89, 94, 99, 100, 100, 100, 100, '-', '-', '-', '18.5'),
(28, 73, 78, 83, 88, 93, 98, 100, 100, 100, 100, '-', '34', '32', '18.6'),
(29, 72, 77, 82, 87, 92, 97, 100, 100, 100, 100, '-', '-', '-', '18.7'),
(30, 71, 76, 81, 86, 91, 96, 100, 100, 100, 100, '-', '-', '-', '18.8'),
(31, 70, 75, 80, 85, 90, 95, 100, 100, 100, 100, '12', '33', '31', '18.9'),
(32, 69, 74, 79, 84, 89, 94, 99, 100, 100, 100, '-', '-', '-', '19'),
(33, 68, 73, 78, 83, 88, 93, 98, 100, 100, 100, '-', '32', '30', '19.1'),
(34, 67, 72, 77, 82, 87, 92, 97, 100, 100, 100, '-', '-', '-', '19.2'),
(35, 66, 71, 76, 81, 86, 91, 96, 100, 100, 100, '-', '-', '-', '19.3'),
(36, 65, 70, 75, 80, 85, 90, 95, 100, 100, 100, '11', '31', '29', '19.4'),
(37, 64, 69, 74, 79, 84, 89, 94, 99, 100, 100, '-', '-', '-', '19.5'),
(38, 63, 68, 73, 78, 83, 88, 93, 98, 100, 100, '-', '30', '28', '19.6'),
(39, 62, 67, 72, 77, 82, 87, 92, 97, 100, 100, '-', '-', '-', '19.7'),
(40, 61, 66, 71, 76, 81, 86, 91, 96, 100, 100, '-', '29', '27', '19.8'),
(41, 60, 65, 70, 75, 80, 85, 90, 95, 100, 100, '-', '-', '-', '19.9'),
(42, 59, 64, 69, 74, 79, 84, 89, 94, 100, 100, '-', '28', '26', '20'),
(43, 58, 63, 68, 73, 78, 83, 88, 93, 100, 100, '-', '-', '-', '20.1'),
(44, 57, 62, 67, 72, 77, 82, 87, 92, 100, 100, '10', '27', '25', '20.2'),
(45, 56, 61, 66, 71, 76, 81, 86, 91, 99, 100, '-', '-', '-', '20.3'),
(46, 55, 60, 65, 70, 75, 80, 85, 90, 98, 100, '-', '26', '24', '20.4'),
(47, 54, 59, 64, 69, 74, 79, 84, 89, 97, 100, '-', '-', '-', '20.5'),
(48, 53, 58, 63, 68, 73, 78, 83, 88, 96, 100, '-', '25', '23', '20.6'),
(49, 52, 57, 62, 67, 72, 77, 82, 87, 95, 100, '-', '-', '-', '20.7'),
(50, 51, 56, 61, 66, 71, 76, 81, 86, 94, 100, '-', '24', '22', '20.8'),
(51, 50, 55, 60, 65, 70, 75, 80, 85, 93, 100, '-', '-', '-', '20.9'),
(52, 49, 54, 59, 64, 69, 74, 79, 84, 92, 100, '9', '23', '21', '21'),
(53, 48, 53, 58, 63, 68, 73, 78, 83, 91, 99, '-', '-', '-', '21.1'),
(54, 47, 52, 57, 62, 67, 72, 77, 82, 90, 98, '-', '-', '-', '21.2'),
(55, 46, 51, 56, 61, 66, 71, 76, 81, 89, 97, '-', '-', '-', '21.3'),
(56, 45, 50, 55, 60, 65, 70, 75, 80, 88, 96, '8', '22', '20', '21.4'),
(57, 44, 49, 54, 59, 64, 69, 74, 79, 87, 95, '-', '-', '-', '21.5'),
(58, 43, 48, 53, 58, 63, 68, 73, 78, 86, 94, '-', '-', '-', '21.6'),
(59, 42, 47, 52, 57, 62, 67, 72, 77, 85, 93, '-', '-', '-', '21.7'),
(60, 41, 46, 51, 56, 61, 66, 71, 76, 84, 92, '7', '21', '19', '21.8'),
(61, 40, 45, 50, 55, 60, 65, 70, 75, 83, 91, '-', '-', '-', '21.9'),
(62, 39, 44, 49, 54, 59, 64, 69, 74, 82, 90, '-', '-', '-', '22'),
(63, 38, 43, 48, 53, 58, 63, 68, 73, 81, 89, '-', '-', '-', '22.1'),
(64, 37, 42, 47, 52, 57, 62, 67, 72, 80, 88, '-', '20', '18', '22.2'),
(65, 36, 41, 46, 51, 56, 61, 66, 71, 79, 87, '-', '-', '-', '22.3'),
(66, 35, 40, 45, 50, 55, 60, 65, 70, 78, 86, '-', '-', '-', '22.4'),
(67, 34, 39, 44, 49, 54, 59, 64, 69, 77, 85, '-', '-', '-', '22.5'),
(68, 33, 38, 43, 48, 53, 58, 63, 68, 76, 84, '6', '19', '17', '22.6'),
(69, 32, 37, 42, 47, 52, 57, 62, 67, 75, 83, '-', '-', '-', '22.7'),
(70, 31, 36, 41, 46, 51, 56, 61, 66, 74, 82, '-', '-', '-', '22.8'),
(71, 30, 35, 40, 45, 50, 55, 60, 65, 73, 81, '-', '-', '-', '22.9'),
(72, 29, 34, 39, 44, 49, 54, 59, 64, 72, 80, '-', '18', '16', '23'),
(73, 28, 33, 38, 43, 48, 53, 58, 63, 71, 79, '-', '-', '-', '23.1'),
(74, 27, 32, 37, 42, 47, 52, 57, 62, 70, 78, '-', '-', '-', '23.2'),
(75, 26, 31, 36, 41, 46, 51, 56, 61, 69, 77, '-', '-', '-', '23.3'),
(76, 25, 30, 35, 40, 45, 50, 55, 60, 68, 76, '5', '17', '15', '23.4'),
(77, 24, 29, 34, 39, 44, 49, 54, 59, 67, 75, '-', '-', '-', '23.5'),
(78, 23, 28, 33, 38, 43, 48, 53, 58, 66, 74, '-', '-', '-', '23.6'),
(79, 22, 27, 32, 37, 42, 47, 52, 57, 65, 73, '-', '-', '-', '23.7'),
(80, 21, 26, 31, 36, 41, 46, 51, 56, 64, 72, '-', '16', '14', '23.8'),
(81, 20, 25, 30, 35, 40, 45, 50, 55, 63, 71, '-', '-', '-', '23.9'),
(82, 19, 24, 29, 34, 39, 44, 49, 54, 62, 70, '-', '-', '-', '24'),
(83, 18, 23, 28, 33, 38, 43, 48, 53, 61, 69, '-', '-', '-', '24.1'),
(84, 17, 22, 27, 32, 37, 42, 47, 52, 60, 68, '4', '15', '13', '24.2'),
(85, 16, 21, 26, 31, 36, 41, 46, 51, 59, 67, '-', '-', '-', '24.3'),
(86, 15, 20, 25, 30, 35, 40, 45, 50, 58, 66, '-', '-', '-', '24.4'),
(87, 14, 19, 24, 29, 34, 39, 44, 49, 57, 65, '-', '-', '-', '24.5'),
(88, 13, 18, 23, 28, 33, 38, 43, 48, 56, 64, '-', '14', '12', '24.6'),
(89, 12, 17, 22, 27, 32, 37, 42, 47, 55, 63, '-', '-', '-', '24.7'),
(90, 11, 16, 21, 26, 31, 36, 41, 46, 54, 62, '-', '-', '-', '24.8'),
(91, 10, 15, 20, 25, 30, 35, 40, 45, 53, 61, '-', '-', '-', '24.9'),
(92, 9, 14, 19, 24, 29, 34, 39, 44, 52, 60, '3', '13', '11', '25'),
(93, 8, 13, 18, 23, 28, 33, 38, 43, 51, 59, '-', '-', '-', '25.1'),
(94, 7, 12, 17, 22, 27, 32, 37, 42, 50, 58, '-', '-', '-', '25.2'),
(95, 6, 11, 16, 21, 26, 31, 36, 41, 49, 57, '-', '-', '-', '25.3'),
(96, 5, 10, 15, 20, 25, 30, 35, 40, 48, 56, '-', '12', '10', '25.4'),
(97, 4, 9, 14, 19, 24, 29, 34, 39, 47, 55, '-', '-', '-', '25.5'),
(98, 3, 8, 13, 18, 23, 28, 33, 38, 46, 54, '-', '-', '-', '25.6'),
(99, 2, 7, 12, 17, 22, 27, 32, 37, 45, 53, '-', '-', '-', '25.7'),
(100, 1, 6, 11, 16, 21, 26, 31, 36, 44, 52, '2', '-', '-', '25.8'),
(101, 0, 5, 10, 15, 20, 25, 30, 35, 43, 51, '-', '-', '-', '25.9'),
(102, 0, 4, 9, 14, 19, 24, 29, 34, 42, 50, '-', '-', '-', '26'),
(103, 0, 3, 8, 13, 18, 23, 28, 33, 41, 49, '-', '11', '9', '26.1'),
(104, 0, 2, 7, 12, 17, 22, 27, 32, 40, 48, '-', '-', '-', '26.2'),
(105, 0, 1, 6, 11, 16, 21, 26, 31, 39, 47, '-', '-', '-', '26.3'),
(106, 0, 0, 5, 10, 15, 20, 25, 30, 38, 46, '-', '-', '-', '26.4'),
(107, 0, 0, 4, 9, 14, 19, 24, 29, 37, 45, '1', '10', '8', '26.5'),
(108, 0, 0, 3, 8, 13, 18, 23, 28, 36, 44, '-', '-', '-', '26.6'),
(109, 0, 0, 2, 7, 12, 17, 22, 27, 35, 43, '-', '-', '-', '26.7'),
(110, 0, 0, 1, 6, 11, 16, 21, 26, 34, 42, '-', '-', '-', '26.8'),
(111, 0, 0, 0, 5, 10, 15, 20, 25, 33, 41, '-', '9', '7', '26.9'),
(112, 0, 0, 0, 4, 9, 14, 19, 24, 32, 40, '-', '-', '-', '27'),
(113, 0, 0, 0, 3, 8, 13, 18, 23, 31, 39, '-', '-', '-', '27.1'),
(114, 0, 0, 0, 2, 7, 12, 17, 22, 30, 38, '-', '-', '-', '27.2'),
(115, 0, 0, 0, 1, 6, 11, 16, 21, 29, 37, '-', '-', '-', '27.3'),
(116, 0, 0, 0, 0, 5, 10, 15, 20, 28, 36, '-', '-', '-', '27.4'),
(117, 0, 0, 0, 0, 4, 9, 14, 19, 27, 35, '-', '8', '6', '27.5'),
(118, 0, 0, 0, 0, 3, 8, 13, 18, 26, 34, '-', '-', '-', '27.6'),
(119, 0, 0, 0, 0, 2, 7, 12, 17, 25, 33, '-', '-', '-', '27.7'),
(120, 0, 0, 0, 0, 1, 6, 11, 16, 24, 32, '-', '-', '-', '27.8'),
(121, 0, 0, 0, 0, 0, 5, 10, 15, 23, 31, '-', '-', '-', '27.9'),
(122, 0, 0, 0, 0, 0, 4, 9, 14, 22, 30, '-', '7', '5', '28'),
(123, 0, 0, 0, 0, 0, 3, 8, 13, 21, 29, '-', '-', '-', '28.1'),
(124, 0, 0, 0, 0, 0, 2, 7, 12, 20, 28, '-', '-', '-', '28.2'),
(125, 0, 0, 0, 0, 0, 1, 6, 11, 19, 27, '-', '-', '-', '28.3'),
(126, 0, 0, 0, 0, 0, 0, 5, 10, 18, 26, '-', '-', '-', '28.4'),
(127, 0, 0, 0, 0, 0, 0, 4, 9, 17, 25, '-', '6', '4', '28.5'),
(128, 0, 0, 0, 0, 0, 0, 3, 8, 16, 24, '-', '-', '-', '28.6'),
(129, 0, 0, 0, 0, 0, 0, 2, 7, 15, 23, '-', '-', '-', '28.7'),
(130, 0, 0, 0, 0, 0, 0, 1, 6, 14, 22, '-', '-', '-', '28.8'),
(131, 0, 0, 0, 0, 0, 0, 0, 5, 13, 21, '-', '-', '-', '28.9'),
(132, 0, 0, 0, 0, 0, 0, 0, 4, 12, 20, '-', '5', '3', '29'),
(133, 0, 0, 0, 0, 0, 0, 0, 3, 11, 19, '-', '-', '-', '29.1'),
(134, 0, 0, 0, 0, 0, 0, 0, 2, 10, 18, '-', '-', '-', '29.2'),
(135, 0, 0, 0, 0, 0, 0, 0, 1, 9, 17, '-', '-', '-', '29.3'),
(136, 0, 0, 0, 0, 0, 0, 0, 0, 8, 16, '-', '-', '-', '29.4'),
(137, 0, 0, 0, 0, 0, 0, 0, 0, 7, 15, '-', '-', '-', '29.5'),
(138, 0, 0, 0, 0, 0, 0, 0, 0, 6, 14, '-', '4', '2', '29.6'),
(139, 0, 0, 0, 0, 0, 0, 0, 0, 5, 13, '-', '-', '-', '29.7'),
(140, 0, 0, 0, 0, 0, 0, 0, 0, 4, 12, '-', '-', '-', '29.8'),
(141, 0, 0, 0, 0, 0, 0, 0, 0, 3, 11, '-', '-', '-', '29.9'),
(142, 0, 0, 0, 0, 0, 0, 0, 0, 2, 10, '-', '-', '-', '30.0'),
(143, 0, 0, 0, 0, 0, 0, 0, 0, 1, 9, '-', '3', '-', '30.1'),
(144, 0, 0, 0, 0, 0, 0, 0, 0, 0, 8, '-', '-', '-', '30.2'),
(145, 0, 0, 0, 0, 0, 0, 0, 0, 0, 7, '-', '-', '-', '30.3'),
(146, 0, 0, 0, 0, 0, 0, 0, 0, 0, 6, '-', '-', '-', '30.4'),
(147, 0, 0, 0, 0, 0, 0, 0, 0, 0, 5, '-', '2', '1', '30.5'),
(148, 0, 0, 0, 0, 0, 0, 0, 0, 0, 4, '-', '-', '-', '30.6'),
(149, 0, 0, 0, 0, 0, 0, 0, 0, 0, 3, '-', '-', '-', '30.7'),
(150, 0, 0, 0, 0, 0, 0, 0, 0, 0, 2, '-', '-', '-', '30.8'),
(151, 0, 0, 0, 0, 0, 0, 0, 0, 0, 1, '-', '1', '-', '30.9');

-- --------------------------------------------------------

--
-- Struktur dari tabel `nilai_b_wanita`
--

CREATE TABLE IF NOT EXISTS `nilai_b_wanita` (
  `id` int(11) NOT NULL,
  `I` int(11) DEFAULT NULL,
  `II` int(11) DEFAULT NULL,
  `III` int(11) DEFAULT NULL,
  `IV` int(11) DEFAULT NULL,
  `V` int(11) DEFAULT NULL,
  `VI` int(11) DEFAULT NULL,
  `VII` int(11) DEFAULT NULL,
  `VIII` int(11) DEFAULT NULL,
  `IX` int(11) DEFAULT NULL,
  `X` int(11) DEFAULT NULL,
  `pull_up` varchar(5) DEFAULT NULL,
  `sit_up` varchar(5) DEFAULT NULL,
  `push_up` varchar(5) DEFAULT NULL,
  `shuttle_run` double DEFAULT NULL
) ENGINE=InnoDB DEFAULT CHARSET=latin1;

--
-- Dumping data untuk tabel `nilai_b_wanita`
--

INSERT INTO `nilai_b_wanita` (`id`, `I`, `II`, `III`, `IV`, `V`, `VI`, `VII`, `VIII`, `IX`, `X`, `pull_up`, `sit_up`, `push_up`, `shuttle_run`) VALUES
(1, 100, 100, 100, 100, 100, 100, 100, 100, 100, 100, '63', '42', '28', 17.2),
(2, 99, 100, 100, 100, 100, 100, 100, 100, 100, 100, '-', '-', '-', 17.3),
(3, 98, 100, 100, 100, 100, 100, 100, 100, 100, 100, '62', '41', '27', 17.4),
(4, 97, 100, 100, 100, 100, 100, 100, 100, 100, 100, '61', '-', '-', 17.5),
(5, 96, 100, 100, 100, 100, 100, 100, 100, 100, 100, '-', '-', '-', 17.6),
(6, 95, 100, 100, 100, 100, 100, 100, 100, 100, 100, '60', '40', '26', 17.7),
(7, 94, 99, 100, 100, 100, 100, 100, 100, 100, 100, '-', '-', '-', 17.8),
(8, 93, 98, 100, 100, 100, 100, 100, 100, 100, 100, '59', '39', '25', 17.9),
(9, 92, 97, 100, 100, 100, 100, 100, 100, 100, 100, '58', '-', '-', 18),
(10, 91, 96, 100, 100, 100, 100, 100, 100, 100, 100, '-', '-', '-', 18.1),
(11, 90, 95, 100, 100, 100, 100, 100, 100, 100, 100, '57', '38', '24', 18.2),
(12, 89, 94, 99, 100, 100, 100, 100, 100, 100, 100, '-', '-', '-', 18.3),
(13, 88, 93, 98, 100, 100, 100, 100, 100, 100, 100, '56', '37', '23', 18.4),
(14, 87, 92, 97, 100, 100, 100, 100, 100, 100, 100, '55', '-', '-', 18.5),
(15, 86, 91, 96, 100, 100, 100, 100, 100, 100, 100, '-', '-', '-', 18.6),
(16, 85, 90, 95, 100, 100, 100, 100, 100, 100, 100, '54', '36', '22', 18.7),
(17, 84, 89, 94, 99, 100, 100, 100, 100, 100, 100, '-', '-', '-', 18.8),
(18, 83, 88, 93, 98, 100, 100, 100, 100, 100, 100, '53', '35', '21', 18.9),
(19, 82, 87, 92, 97, 100, 100, 100, 100, 100, 100, '52', '-', '-', 19),
(20, 81, 86, 91, 96, 100, 100, 100, 100, 100, 100, '-', '-', '-', 19.1),
(21, 80, 85, 90, 95, 100, 100, 100, 100, 100, 100, '51', '34', '20', 19.2),
(22, 79, 84, 89, 94, 99, 100, 100, 100, 100, 100, '-', '-', '-', 19.3),
(23, 78, 83, 88, 93, 98, 100, 100, 100, 100, 100, '50', '33', '19', 19.4),
(24, 77, 82, 87, 92, 97, 100, 100, 100, 100, 100, '49', '-', '-', 19.5),
(25, 76, 81, 86, 91, 96, 100, 100, 100, 100, 100, '-', '-', '-', 19.6),
(26, 75, 80, 85, 90, 95, 100, 100, 100, 100, 100, '48', '32', '18', 19.7),
(27, 74, 79, 84, 89, 94, 99, 100, 100, 100, 100, '-', '-', '-', 19.8),
(28, 73, 78, 83, 88, 93, 98, 100, 100, 100, 100, '47', '-', '17', 19.9),
(29, 72, 77, 82, 87, 92, 97, 100, 100, 100, 100, '46', '31', '-', 20),
(30, 71, 76, 81, 86, 91, 96, 100, 100, 100, 100, '-', '-', '-', 20.1),
(31, 70, 75, 80, 85, 90, 95, 100, 100, 100, 100, '45', '30', '16', 20.2),
(32, 69, 74, 79, 84, 89, 94, 99, 100, 100, 100, '-', '-', '-', 20.3),
(33, 68, 73, 78, 83, 88, 93, 98, 100, 100, 100, '44', '29', '15', 20.4),
(34, 67, 72, 77, 82, 87, 92, 97, 100, 100, 100, '43', '-', '-', 20.5),
(35, 66, 71, 76, 81, 86, 91, 96, 100, 100, 100, '-', '-', '-', 20.6),
(36, 65, 70, 75, 80, 85, 90, 95, 100, 100, 100, '42', '28', '14', 20.7),
(37, 64, 69, 74, 79, 84, 89, 94, 99, 100, 100, '-', '-', '-', 20.8),
(38, 63, 68, 73, 78, 83, 88, 93, 98, 100, 100, '-', '-', '-', 20.9),
(39, 62, 67, 72, 77, 82, 87, 92, 97, 100, 100, '41', '27', '13', 21),
(40, 61, 66, 71, 76, 81, 86, 91, 96, 100, 100, '-', '-', '-', 21.1),
(41, 60, 65, 70, 75, 80, 85, 90, 95, 100, 100, '-', '-', '-', 21.2),
(42, 59, 64, 69, 74, 79, 84, 89, 94, 100, 100, '40', '26', '-', 21.3),
(43, 58, 63, 68, 73, 78, 83, 88, 93, 100, 100, '-', '-', '-', 21.4),
(44, 57, 62, 67, 72, 77, 82, 87, 92, 100, 100, '39', '25', '12', 21.5),
(45, 56, 61, 66, 71, 76, 81, 86, 91, 99, 100, '-', '-', '-', 21.6),
(46, 55, 60, 65, 70, 75, 80, 85, 90, 98, 100, '38', '-', '-', 21.7),
(47, 54, 59, 64, 69, 74, 79, 84, 89, 97, 100, '-', '24', '11', 21.8),
(48, 53, 58, 63, 68, 73, 78, 83, 88, 96, 100, '-', '-', '-', 21.9),
(49, 52, 57, 62, 67, 72, 77, 82, 87, 95, 100, '37', '-', '-', 22),
(50, 51, 56, 61, 66, 71, 76, 81, 86, 94, 100, '-', '23', '-', 22.1),
(51, 50, 55, 60, 65, 70, 75, 80, 85, 93, 100, '-', '-', '10', 22.2),
(52, 49, 54, 59, 64, 69, 74, 79, 84, 92, 100, '36', '22', '-', 22.3),
(53, 48, 53, 58, 63, 68, 73, 78, 83, 91, 99, '-', '-', '-', 22.4),
(54, 47, 52, 57, 62, 67, 72, 77, 82, 90, 98, '-', '-', '-', 22.5),
(55, 46, 51, 56, 61, 66, 71, 76, 81, 89, 97, '35', '21', '-', 22.6),
(56, 45, 50, 55, 60, 65, 70, 75, 80, 88, 96, '-', '-', '-', 22.7),
(57, 44, 49, 54, 59, 64, 69, 74, 79, 87, 95, '-', '-', '-', 22.8),
(58, 43, 48, 53, 58, 63, 68, 73, 78, 86, 94, '34', '20', '-', 22.9),
(59, 42, 47, 52, 57, 62, 67, 72, 77, 85, 93, '-', NULL, '-', 23),
(60, 41, 46, 51, 56, 61, 66, 71, 76, 84, 92, '-', '-', '-', 23.1),
(61, 40, 45, 50, 55, 60, 65, 70, 75, 83, 91, '33', '19', '9', 23.2),
(62, 39, 44, 49, 54, 59, 64, 69, 74, 82, 90, '-', '-', '-', 23.3),
(63, 38, 43, 48, 53, 58, 63, 68, 73, 81, 89, '-', '-', '-', 23.4),
(64, 37, 42, 47, 52, 57, 62, 67, 72, 80, 88, '32', '18', '-', 23.5),
(65, 36, 41, 46, 51, 56, 61, 66, 71, 79, 87, '-', '-', '-', 23.6),
(66, 35, 40, 45, 50, 55, 60, 65, 70, 78, 86, '31', '-', '-', 23.7),
(67, 34, 39, 44, 49, 54, 59, 64, 69, 77, 85, '-', '-', '-', 23.8),
(68, 33, 38, 43, 48, 53, 58, 63, 68, 76, 84, '30', '17', '-', 23.9),
(69, 32, 37, 42, 47, 52, 57, 62, 67, 75, 83, '-', NULL, '-', 24),
(70, 31, 36, 41, 46, 51, 56, 61, 66, 74, 82, '29', '-', '-', 24.1),
(71, 30, 35, 40, 45, 50, 55, 60, 65, 73, 81, '-', NULL, '8', 24.2),
(72, 29, 34, 39, 44, 49, 54, 59, 64, 72, 80, '28', '-', '-', 24.3),
(73, 28, 33, 38, 43, 48, 53, 58, 63, 71, 79, '-', '16', '-', 24.4),
(74, 27, 32, 37, 42, 47, 52, 57, 62, 70, 78, '-', '-', '-', 24.5),
(75, 26, 31, 36, 41, 46, 51, 56, 61, 69, 77, '27', '-', '-', 24.6),
(76, 25, 30, 35, 40, 45, 50, 55, 60, 68, 76, '-', '15', '-', 24.7),
(77, 24, 29, 34, 39, 44, 49, 54, 59, 67, 75, '26', NULL, '-', 24.8),
(78, 23, 28, 33, 38, 43, 48, 53, 58, 66, 74, '-', '-', '-', 24.9),
(79, 22, 27, 32, 37, 42, 47, 52, 57, 65, 73, '25', '14', '-', 25),
(80, 21, 26, 31, 36, 41, 46, 51, 56, 64, 72, '-', '-', '-', 25.1),
(81, 20, 25, 30, 35, 40, 45, 50, 55, 63, 71, '24', NULL, '7', 25.2),
(82, 19, 24, 29, 34, 39, 44, 49, 54, 62, 70, '-', '13', '-', 25.3),
(83, 18, 23, 28, 33, 38, 43, 48, 53, 61, 69, '23', NULL, '-', 25.4),
(84, 17, 22, 27, 32, 37, 42, 47, 52, 60, 68, '-', '-', '-', 25.5),
(85, 16, 21, 26, 31, 36, 41, 46, 51, 59, 67, '22', '12', '-', 25.6),
(86, 15, 20, 25, 30, 35, 40, 45, 50, 58, 66, '-', '-', '-', 25.7),
(87, 14, 19, 24, 29, 34, 39, 44, 49, 57, 65, '21', '-', '-', 25.8),
(88, 13, 18, 23, 28, 33, 38, 43, 48, 56, 64, '-', '11', '-', 25.9),
(89, 12, 17, 22, 27, 32, 37, 42, 47, 55, 63, '20', NULL, '-', 26),
(90, 11, 16, 21, 26, 31, 36, 41, 46, 54, 62, '-', '-', '-', 26.1),
(91, 10, 15, 20, 25, 30, 35, 40, 45, 53, 61, '19', '10', '6', 26.2),
(92, 9, 14, 19, 24, 29, 34, 39, 44, 52, 60, '-', '-', '-', 26.3),
(93, 8, 13, 18, 23, 28, 33, 38, 43, 51, 59, '18', NULL, '-', 26.4),
(94, 7, 12, 17, 22, 27, 32, 37, 42, 50, 58, '-', '9', '-', 26.5),
(95, 6, 11, 16, 21, 26, 31, 36, 41, 49, 57, '17', NULL, '-', 26.6),
(96, 5, 10, 15, 20, 25, 30, 35, 40, 48, 56, '-', '-', '-', 26.7),
(97, 4, 9, 14, 19, 24, 29, 34, 39, 47, 55, '16', '8', '-', 26.8),
(98, 3, 8, 13, 18, 23, 28, 33, 38, 46, 54, '-', '-', '-', 26.9),
(99, 2, 7, 12, 17, 22, 27, 32, 37, 45, 53, '15', NULL, '-', 27),
(100, 1, 6, 11, 16, 21, 26, 31, 36, 44, 52, '-', '7', '-', 27.1),
(101, 0, 5, 10, 15, 20, 25, 30, 35, 43, 51, '14', '-', '5', 27.2),
(102, 0, 4, 9, 14, 19, 24, 29, 34, 42, 50, '-', '-', '-', 27.3),
(103, 0, 3, 8, 13, 18, 23, 28, 33, 41, 49, '13', '6', '-', 27.4),
(104, 0, 2, 7, 12, 17, 22, 27, 32, 40, 48, '-', '-', '-', 27.5),
(105, 0, 1, 6, 11, 16, 21, 26, 31, 39, 47, '12', '-', '-', 27.6),
(106, 0, 0, 5, 10, 15, 20, 25, 30, 38, 46, '-', '5', '-', 27.7),
(107, 0, 0, 4, 9, 14, 19, 24, 29, 37, 45, '11', '-', '-', 27.8),
(108, 0, 0, 3, 8, 13, 18, 23, 28, 36, 44, '-', '-', '-', 27.9),
(109, 0, 0, 2, 7, 12, 17, 22, 27, 35, 43, '10', '4', '-', 28),
(110, 0, 0, 1, 6, 11, 16, 21, 26, 34, 42, '-', '-', '-', 28.1),
(111, 0, 0, 0, 5, 10, 15, 20, 25, 33, 41, '9', '-', '4', 28.2),
(112, 0, 0, 0, 4, 9, 14, 19, 24, 32, 40, '-', '3', '-', 28.3),
(113, 0, 0, 0, 3, 8, 13, 18, 23, 31, 39, '8', '-', '-', 28.4),
(114, 0, 0, 0, 2, 7, 12, 17, 22, 30, 38, '-', '-', '-', 28.5),
(115, 0, 0, 0, 1, 6, 11, 16, 21, 29, 37, '7', '2', '-', 28.6),
(116, 0, 0, 0, 0, 5, 10, 15, 20, 28, 36, '-', '-', '-', 28.7),
(117, 0, 0, 0, 0, 4, 9, 14, 19, 27, 35, '6', '-', '-', 28.8),
(118, 0, 0, 0, 0, 3, 8, 13, 18, 26, 34, '-', '1', '-', 28.9),
(119, 0, 0, 0, 0, 2, 7, 12, 17, 25, 33, '5', '-', '-', 29),
(120, 0, 0, 0, 0, 1, 6, 11, 16, 24, 32, '-', '-', '-', 29.1),
(121, 0, 0, 0, 0, 0, 5, 10, 15, 23, 31, '4', '-', '3', 29.2),
(122, 0, 0, 0, 0, 0, 4, 9, 14, 22, 30, '-', '-', '-', 29.3),
(123, 0, 0, 0, 0, 0, 3, 8, 13, 21, 29, '3', '-', '-', 29.4),
(124, 0, 0, 0, 0, 0, 2, 7, 12, 20, 28, '-', '-', '-', 29.5),
(125, 0, 0, 0, 0, 0, 1, 6, 11, 19, 27, '2', '-', '-', 29.6),
(126, 0, 0, 0, 0, 0, 0, 5, 10, 18, 26, '-', '-', '-', 29.7),
(127, 0, 0, 0, 0, 0, 0, 4, 9, 17, 25, '1', '-', '-', 29.8),
(128, 0, 0, 0, 0, 0, 0, 3, 8, 16, 24, '-', '-', '-', 29.9),
(129, 0, 0, 0, 0, 0, 0, 2, 7, 15, 23, '-', '-', '-', 30),
(130, 0, 0, 0, 0, 0, 0, 1, 6, 14, 22, '-', '-', '-', 30.1),
(131, 0, 0, 0, 0, 0, 0, 0, 5, 13, 21, '-', '-', '-', 30.2),
(132, 0, 0, 0, 0, 0, 0, 0, 4, 12, 20, '-', '-', '2', 30.3),
(133, 0, 0, 0, 0, 0, 0, 0, 3, 11, 19, '-', '-', '-', 30.4),
(134, 0, 0, 0, 0, 0, 0, 0, 2, 10, 18, '-', '-', '-', 30.5),
(135, 0, 0, 0, 0, 0, 0, 0, 1, 9, 17, '-', '-', '-', 30.6),
(136, 0, 0, 0, 0, 0, 0, 0, 0, 8, 16, '-', '-', '-', 30.7),
(137, 0, 0, 0, 0, 0, 0, 0, 0, 7, 15, '-', '-', '-', 30.8),
(138, 0, 0, 0, 0, 0, 0, 0, 0, 6, 14, '-', '-', '-', 30.9),
(139, 0, 0, 0, 0, 0, 0, 0, 0, 5, 13, '-', '-', '-', 31),
(140, 0, 0, 0, 0, 0, 0, 0, 0, 4, 12, '-', '-', '-', 31.1),
(141, 0, 0, 0, 0, 0, 0, 0, 0, 3, 11, '-', '-', '-', 31.2),
(142, 0, 0, 0, 0, 0, 0, 0, 0, 2, 10, '-', '-', '1', 31.3),
(143, 0, 0, 0, 0, 0, 0, 0, 0, 1, 9, '-', '-', '-', 31.4),
(144, 0, 0, 0, 0, 0, 0, 0, 0, 0, 8, '-', '-', '-', 31.5),
(145, 0, 0, 0, 0, 0, 0, 0, 0, 0, 7, '-', '-', '-', 31.6),
(146, 0, 0, 0, 0, 0, 0, 0, 0, 0, 6, '-', '-', '-', 31.7),
(147, 0, 0, 0, 0, 0, 0, 0, 0, 0, 5, '-', '-', '-', 31.8),
(148, 0, 0, 0, 0, 0, 0, 0, 0, 0, 4, '-', '-', '-', 31.9),
(149, 0, 0, 0, 0, 0, 0, 0, 0, 0, 3, '-', '-', '-', 32),
(150, 0, 0, 0, 0, 0, 0, 0, 0, 0, 2, '-', '-', '-', 32.1),
(151, 0, 0, 0, 0, 0, 0, 0, 0, 0, 1, '-', '-', '-', 32.2);

-- --------------------------------------------------------

--
-- Struktur dari tabel `personel`
--

CREATE TABLE IF NOT EXISTS `personel` (
  `id` int(11) NOT NULL,
  `id_user` int(11) DEFAULT NULL,
  `nama` varchar(255) DEFAULT NULL,
  `pangkat` varchar(255) DEFAULT NULL,
  `korps` varchar(20) DEFAULT NULL,
  `nrp` varchar(255) DEFAULT NULL,
  `jenis_kelamin` varchar(25) DEFAULT NULL,
  `tanggal_lahir` date DEFAULT NULL,
  `jabatan` varchar(255) DEFAULT NULL,
  `id_satker` int(11) DEFAULT NULL,
  `date_created` datetime DEFAULT NULL,
  `date_updated` datetime DEFAULT NULL,
  `flag_del` int(1) DEFAULT NULL
) ENGINE=InnoDB AUTO_INCREMENT=10 DEFAULT CHARSET=latin1;

--
-- Dumping data untuk tabel `personel`
--

INSERT INTO `personel` (`id`, `id_user`, `nama`, `pangkat`, `korps`, `nrp`, `jenis_kelamin`, `tanggal_lahir`, `jabatan`, `id_satker`, `date_created`, `date_updated`, `flag_del`) VALUES
(1, 25, 'Atho ', 'Serda', 'Jas', '12345666', 'Pria', '1979-06-08', 'Baur JAs', NULL, '2018-11-08 07:48:59', NULL, 0),
(2, 1, 'Timur Yulis Santosa', 'Sertu', 'EKO', '114142', 'Pria', '1989-07-14', 'Ba Urharkomp', NULL, '2018-11-08 04:37:14', NULL, 0),
(3, 1, 'Timur Yulis Santosa', 'Sertu', 'EKO', NULL, 'Pria', '1989-07-14', 'Ba Urharkomp', NULL, '2018-11-08 06:12:57', NULL, 1),
(4, 24, 'Ahmad', 'Serka', 'CZI', '456787888', 'Pria', '1983-06-20', 'Baur Prog', NULL, '2018-11-11 16:16:36', NULL, 0),
(5, 1, 'Kapuskodal TNI AL', 'Kolonel', 'P', '49494884', 'Pria', '1970-06-15', 'Kapuskodal', NULL, '2018-11-12 02:29:06', NULL, 0),
(6, 23, 'Putri', 'Serka', 'PDK', '345544', 'Wanita', '1987-07-16', 'Baur Prog', NULL, '2018-11-15 03:55:07', NULL, 0),
(7, 37, 'Fandeka', 'Kapten', 'Hub', '123345566', 'Pria', '0000-00-00', 'Kabid Prog', NULL, '2018-11-19 15:34:50', NULL, 0),
(9, 39, 'Ferianto', 'Sertu', NULL, '116789', 'Pria', '0000-00-00', 'Baur Peta', NULL, '2018-11-19 15:43:07', NULL, 0);

-- --------------------------------------------------------

--
-- Struktur dari tabel `ren_mil_das_pria`
--

CREATE TABLE IF NOT EXISTS `ren_mil_das_pria` (
  `id_renang` int(11) DEFAULT NULL,
  `waktu_renang` time DEFAULT NULL,
  `I` int(11) DEFAULT NULL,
  `II` int(11) DEFAULT NULL,
  `III` int(11) DEFAULT NULL,
  `IV` int(11) DEFAULT NULL,
  `V` int(11) DEFAULT NULL,
  `VI` int(11) DEFAULT NULL,
  `VII` int(11) DEFAULT NULL,
  `VIII` int(11) DEFAULT NULL,
  `IX` int(11) DEFAULT NULL,
  `X` int(11) DEFAULT NULL
) ENGINE=InnoDB DEFAULT CHARSET=latin1;

--
-- Dumping data untuk tabel `ren_mil_das_pria`
--

INSERT INTO `ren_mil_das_pria` (`id_renang`, `waktu_renang`, `I`, `II`, `III`, `IV`, `V`, `VI`, `VII`, `VIII`, `IX`, `X`) VALUES
(1, '00:00:33', 100, 100, 100, 100, 100, 100, 100, 100, 100, 100),
(2, '00:00:34', 100, 100, 100, 100, 100, 100, 100, 100, 100, 100),
(3, '00:00:35', 100, 100, 100, 100, 100, 100, 100, 100, 100, 100),
(4, '00:00:36', 100, 100, 100, 100, 100, 100, 100, 100, 100, 100),
(5, '00:00:37', 100, 100, 100, 100, 100, 100, 100, 100, 100, 100),
(6, '00:00:38', 100, 100, 100, 100, 100, 100, 100, 100, 100, 100),
(7, '00:00:39', 100, 100, 100, 100, 100, 100, 100, 100, 100, 100),
(8, '00:00:40', 99, 100, 100, 100, 100, 100, 100, 100, 100, 100),
(9, '00:00:41', 98, 100, 100, 100, 100, 100, 100, 100, 100, 100),
(10, '00:00:42', 97, 100, 100, 100, 100, 100, 100, 100, 100, 100),
(11, '00:00:43', 96, 99, 100, 100, 100, 100, 100, 100, 100, 100),
(12, '00:00:44', 95, 98, 100, 100, 100, 100, 100, 100, 100, 100),
(13, '00:00:45', 94, 97, 100, 100, 100, 100, 100, 100, 100, 100),
(14, '00:00:46', 93, 96, 99, 100, 100, 100, 100, 100, 100, 100),
(15, '00:00:47', 92, 95, 98, 100, 100, 100, 100, 100, 100, 100),
(16, '00:00:48', 91, 94, 97, 100, 100, 100, 100, 100, 100, 100),
(17, '00:00:49', 90, 93, 96, 99, 100, 100, 100, 100, 100, 100),
(18, '00:00:50', 89, 92, 95, 98, 100, 100, 100, 100, 100, 100),
(19, '00:00:51', 88, 91, 94, 97, 100, 100, 100, 100, 100, 100),
(20, '00:00:52', 87, 90, 93, 96, 99, 100, 100, 100, 100, 100),
(21, '00:00:53', 86, 89, 92, 95, 98, 100, 100, 100, 100, 100),
(22, '00:00:54', 85, 88, 91, 94, 97, 100, 100, 100, 100, 100),
(23, '00:00:55', 84, 87, 90, 93, 96, 99, 100, 100, 100, 100),
(24, '00:00:56', 83, 86, 89, 92, 95, 98, 100, 100, 100, 100),
(25, '00:00:57', 82, 85, 88, 91, 94, 97, 100, 100, 100, 100),
(26, '00:00:58', 81, 84, 87, 90, 93, 96, 99, 100, 100, 100),
(27, '00:00:59', 80, 83, 86, 89, 92, 95, 98, 100, 100, 100),
(28, '00:01:00', 79, 82, 85, 88, 91, 94, 97, 100, 100, 100),
(29, '00:01:01', 78, 81, 84, 87, 90, 93, 96, 99, 100, 100),
(30, '00:01:02', 77, 80, 83, 86, 89, 92, 95, 98, 100, 100),
(31, '00:01:03', 76, 79, 82, 85, 88, 91, 94, 97, 100, 100),
(32, '00:01:04', 75, 78, 81, 84, 87, 90, 93, 96, 100, 100),
(33, '00:01:05', 74, 77, 80, 83, 86, 89, 92, 95, 100, 100),
(34, '00:01:06', 73, 76, 79, 82, 85, 88, 91, 94, 99, 100),
(35, '00:01:07', 72, 75, 78, 81, 84, 87, 90, 93, 98, 100),
(36, '00:01:08', 71, 74, 77, 80, 83, 86, 89, 92, 97, 100),
(37, '00:01:09', 70, 73, 76, 79, 82, 85, 88, 91, 96, 100),
(38, '00:01:10', 69, 72, 75, 78, 81, 84, 87, 90, 95, 100),
(39, '00:01:11', 68, 71, 74, 77, 80, 83, 86, 89, 94, 99),
(40, '00:01:12', 67, 70, 73, 76, 79, 82, 85, 88, 93, 98),
(41, '00:01:13', 66, 69, 72, 75, 78, 81, 84, 87, 92, 97),
(42, '00:01:14', 65, 68, 71, 74, 77, 80, 83, 86, 91, 96),
(43, '00:01:15', 64, 67, 70, 73, 76, 79, 82, 85, 90, 95),
(44, '00:01:16', 63, 66, 69, 72, 75, 78, 81, 84, 89, 94),
(45, '00:01:17', 62, 65, 68, 71, 74, 77, 80, 83, 88, 93),
(46, '00:01:18', 61, 64, 67, 70, 73, 76, 79, 82, 87, 92),
(47, '00:01:19', 60, 63, 66, 69, 72, 75, 78, 81, 86, 91),
(48, '00:01:20', 59, 62, 65, 68, 71, 74, 77, 80, 85, 90),
(49, '00:01:21', 58, 61, 64, 67, 70, 73, 76, 79, 84, 89),
(50, '00:01:22', 57, 60, 63, 66, 69, 72, 75, 78, 83, 88),
(51, '00:01:23', 56, 59, 62, 65, 68, 71, 74, 77, 82, 87),
(52, '00:01:24', 55, 58, 61, 64, 67, 70, 73, 76, 81, 86),
(53, '00:01:25', 54, 57, 60, 63, 66, 69, 72, 75, 80, 85),
(54, '00:01:26', 53, 56, 59, 62, 65, 68, 71, 74, 79, 84),
(55, '00:01:27', 52, 55, 58, 61, 64, 67, 70, 73, 78, 83),
(56, '00:01:28', 51, 54, 57, 60, 63, 66, 69, 72, 77, 82),
(57, '00:01:29', 50, 53, 56, 59, 62, 65, 68, 71, 76, 81),
(58, '00:01:30', 49, 52, 55, 58, 61, 64, 67, 70, 75, 80),
(59, '00:01:31', 48, 51, 54, 57, 60, 63, 66, 69, 74, 79),
(60, '00:01:32', 47, 50, 53, 56, 59, 62, 65, 68, 73, 78),
(61, '00:01:33', 46, 49, 52, 55, 58, 61, 64, 67, 72, 77),
(62, '00:01:34', 45, 48, 51, 54, 57, 60, 63, 66, 71, 76),
(63, '00:01:35', 44, 47, 50, 53, 56, 59, 62, 65, 70, 75),
(64, '00:01:36', 43, 46, 49, 52, 55, 58, 61, 64, 69, 74),
(65, '00:01:37', 42, 45, 48, 51, 54, 57, 60, 63, 68, 73),
(66, '00:01:38', 41, 44, 47, 50, 53, 56, 59, 62, 67, 72),
(67, '00:01:39', 40, 43, 46, 49, 52, 55, 58, 61, 66, 71),
(68, '00:01:40', 39, 42, 45, 48, 51, 54, 57, 60, 65, 70),
(69, '00:01:41', 38, 41, 44, 47, 50, 53, 56, 59, 64, 69),
(70, '00:01:42', 37, 40, 43, 46, 49, 52, 55, 58, 63, 68),
(71, '00:01:43', 36, 39, 42, 45, 48, 51, 54, 57, 62, 67),
(72, '00:01:44', 35, 38, 41, 44, 47, 50, 53, 56, 61, 66),
(73, '00:01:45', 34, 37, 40, 43, 46, 49, 52, 55, 60, 65),
(74, '00:01:46', 33, 36, 39, 42, 45, 48, 51, 54, 59, 64),
(75, '00:01:47', 32, 35, 38, 41, 44, 47, 50, 53, 58, 63),
(76, '00:01:48', 31, 34, 37, 40, 43, 46, 49, 52, 57, 62),
(77, '00:01:49', 30, 33, 36, 39, 42, 45, 48, 51, 56, 61),
(78, '00:01:50', 29, 32, 35, 38, 41, 44, 47, 50, 55, 60),
(79, '00:01:51', 28, 31, 34, 37, 40, 43, 46, 49, 54, 59),
(80, '00:01:52', 27, 30, 33, 36, 39, 42, 45, 48, 53, 58),
(81, '00:01:53', 26, 29, 32, 35, 38, 41, 44, 47, 52, 57),
(82, '00:01:54', 25, 28, 31, 34, 37, 40, 43, 46, 51, 56),
(83, '00:01:55', 24, 27, 30, 33, 36, 39, 42, 45, 50, 55),
(84, '00:01:56', 23, 26, 29, 32, 35, 38, 41, 44, 49, 54),
(85, '00:01:57', 22, 25, 28, 31, 34, 37, 40, 43, 48, 53),
(86, '00:01:58', 21, 24, 27, 30, 33, 36, 39, 42, 47, 52),
(87, '00:01:59', 20, 23, 26, 29, 32, 35, 38, 41, 46, 51),
(88, '00:02:00', 19, 22, 25, 28, 31, 34, 37, 40, 45, 50),
(89, '00:02:01', 18, 21, 24, 27, 30, 33, 36, 39, 44, 49),
(90, '00:02:02', 17, 20, 23, 26, 29, 32, 35, 38, 43, 48),
(91, '00:02:03', 16, 19, 22, 25, 28, 31, 34, 37, 42, 47),
(92, '00:02:04', 15, 18, 21, 24, 27, 30, 33, 36, 41, 46),
(93, '00:02:05', 14, 17, 20, 23, 26, 29, 32, 35, 40, 45),
(94, '00:02:06', 13, 16, 19, 22, 25, 28, 31, 34, 39, 44),
(95, '00:02:07', 12, 15, 18, 21, 24, 27, 30, 33, 38, 43),
(96, '00:02:08', 11, 14, 17, 20, 23, 26, 29, 32, 37, 42),
(97, '00:02:09', 10, 13, 16, 19, 22, 25, 28, 31, 36, 41),
(98, '00:02:10', 9, 12, 15, 18, 21, 24, 27, 30, 35, 40),
(99, '00:02:11', 8, 11, 14, 17, 20, 23, 26, 29, 34, 39),
(100, '00:02:12', 7, 10, 13, 16, 19, 22, 25, 28, 33, 38),
(101, '00:02:13', 6, 9, 12, 15, 18, 21, 24, 27, 32, 37),
(102, '00:02:14', 5, 8, 11, 14, 17, 20, 23, 26, 31, 36),
(103, '00:02:15', 4, 7, 10, 13, 16, 19, 22, 25, 30, 35),
(104, '00:02:16', 3, 6, 9, 12, 15, 18, 21, 24, 29, 34),
(105, '00:02:17', 2, 5, 8, 11, 14, 17, 20, 23, 28, 33),
(106, '00:02:18', 1, 4, 7, 10, 13, 16, 19, 22, 27, 32),
(107, '00:02:19', 1, 3, 6, 9, 12, 15, 18, 21, 26, 31),
(108, '00:02:20', 1, 2, 5, 8, 11, 14, 17, 20, 25, 30),
(109, '00:02:21', 1, 1, 4, 7, 10, 13, 16, 19, 24, 29),
(110, '00:02:22', 1, 1, 3, 6, 9, 12, 15, 18, 23, 28),
(111, '00:02:23', 1, 1, 2, 5, 8, 11, 14, 17, 22, 27),
(112, '00:02:24', 1, 1, 1, 4, 7, 10, 13, 16, 21, 26),
(113, '00:02:25', 1, 1, 1, 3, 6, 9, 12, 15, 20, 25),
(114, '00:02:26', 1, 1, 1, 2, 5, 8, 11, 14, 19, 24),
(115, '00:02:27', 1, 1, 1, 1, 4, 7, 10, 13, 18, 23),
(116, '00:02:28', 1, 1, 1, 1, 3, 6, 9, 12, 17, 22),
(117, '00:02:29', 1, 1, 1, 1, 2, 5, 8, 11, 16, 21),
(118, '00:02:30', 1, 1, 1, 1, 1, 4, 7, 10, 15, 20),
(119, '00:02:31', 1, 1, 1, 1, 1, 3, 6, 9, 14, 19),
(120, '00:02:32', 1, 1, 1, 1, 1, 2, 5, 8, 13, 18),
(121, '00:02:33', 1, 1, 1, 1, 1, 1, 4, 7, 12, 17),
(122, '00:02:34', 1, 1, 1, 1, 1, 1, 3, 6, 11, 16),
(123, '00:02:35', 1, 1, 1, 1, 1, 1, 2, 5, 10, 15),
(124, '00:02:36', 1, 1, 1, 1, 1, 1, 1, 4, 9, 14),
(125, '00:02:37', 1, 1, 1, 1, 1, 1, 1, 3, 8, 13),
(126, '00:02:38', 1, 1, 1, 1, 1, 1, 1, 2, 7, 12),
(127, '00:02:39', 1, 1, 1, 1, 1, 1, 1, 1, 6, 11),
(128, '00:02:40', 1, 1, 1, 1, 1, 1, 1, 1, 5, 10),
(129, '00:02:41', 1, 1, 1, 1, 1, 1, 1, 1, 4, 9),
(130, '00:02:42', 1, 1, 1, 1, 1, 1, 1, 1, 3, 8),
(131, '00:02:43', 1, 1, 1, 1, 1, 1, 1, 1, 2, 7),
(132, '00:02:44', 1, 1, 1, 1, 1, 1, 1, 1, 1, 6),
(133, '00:02:45', 1, 1, 1, 1, 1, 1, 1, 1, 1, 5),
(134, '00:02:46', 1, 1, 1, 1, 1, 1, 1, 1, 1, 4),
(135, '00:02:47', 1, 1, 1, 1, 1, 1, 1, 1, 1, 3),
(136, '00:02:48', 1, 1, 1, 1, 1, 1, 1, 1, 1, 2),
(137, '00:02:49', 1, 1, 1, 1, 1, 1, 1, 1, 1, 1);

-- --------------------------------------------------------

--
-- Struktur dari tabel `ren_mil_das_wan`
--

CREATE TABLE IF NOT EXISTS `ren_mil_das_wan` (
  `id_renang` int(11) DEFAULT NULL,
  `waktu_renang` time DEFAULT NULL,
  `I` int(11) DEFAULT NULL,
  `II` int(11) DEFAULT NULL,
  `III` int(11) DEFAULT NULL,
  `IV` int(11) DEFAULT NULL,
  `V` int(11) DEFAULT NULL,
  `VI` int(11) DEFAULT NULL,
  `VII` int(11) DEFAULT NULL,
  `VIII` int(11) DEFAULT NULL,
  `IX` int(11) DEFAULT NULL,
  `X` int(11) DEFAULT NULL
) ENGINE=InnoDB DEFAULT CHARSET=latin1;

--
-- Dumping data untuk tabel `ren_mil_das_wan`
--

INSERT INTO `ren_mil_das_wan` (`id_renang`, `waktu_renang`, `I`, `II`, `III`, `IV`, `V`, `VI`, `VII`, `VIII`, `IX`, `X`) VALUES
(1, '00:00:59', 92, 95, 98, 100, 100, 100, 100, 100, 100, 100),
(2, '00:01:00', 91, 94, 97, 100, 100, 100, 100, 100, 100, 100),
(3, '00:01:01', 90, 93, 96, 99, 100, 100, 100, 100, 100, 100),
(4, '00:01:02', 89, 92, 95, 98, 100, 100, 100, 100, 100, 100),
(5, '00:01:03', 88, 91, 94, 97, 100, 100, 100, 100, 100, 100),
(6, '00:01:04', 87, 90, 93, 96, 99, 100, 100, 100, 100, 100),
(7, '00:01:05', 86, 89, 92, 95, 98, 100, 100, 100, 100, 100),
(8, '00:01:06', 85, 88, 91, 94, 97, 100, 100, 100, 100, 100),
(9, '00:01:07', 84, 87, 90, 93, 96, 99, 100, 100, 100, 100),
(10, '00:01:08', 83, 86, 89, 92, 95, 98, 100, 100, 100, 100),
(11, '00:01:09', 82, 85, 88, 91, 94, 97, 100, 100, 100, 100),
(12, '00:01:10', 81, 84, 87, 90, 93, 96, 99, 100, 100, 100),
(13, '00:01:11', 80, 83, 86, 89, 92, 95, 98, 100, 100, 100),
(14, '00:01:12', 79, 82, 85, 88, 91, 94, 97, 100, 100, 100),
(15, '00:01:13', 78, 81, 84, 87, 90, 93, 96, 99, 100, 100),
(16, '00:01:14', 77, 80, 83, 86, 89, 92, 95, 98, 100, 100),
(17, '00:01:15', 76, 79, 82, 85, 88, 91, 94, 97, 100, 100),
(18, '00:01:16', 75, 78, 81, 84, 87, 90, 93, 96, 100, 100),
(19, '00:01:17', 74, 77, 80, 83, 86, 89, 92, 95, 100, 100),
(20, '00:01:18', 73, 76, 79, 82, 85, 88, 91, 94, 99, 100),
(21, '00:01:19', 72, 75, 78, 81, 84, 87, 90, 93, 98, 100),
(22, '00:01:20', 71, 74, 77, 80, 83, 86, 89, 92, 97, 100),
(23, '00:01:21', 70, 73, 76, 79, 82, 85, 88, 91, 96, 100),
(24, '00:01:22', 69, 72, 75, 78, 81, 84, 87, 90, 95, 100),
(25, '00:01:23', 68, 71, 74, 77, 80, 83, 86, 89, 94, 99),
(26, '00:01:24', 67, 70, 73, 76, 79, 82, 85, 88, 93, 98),
(27, '00:01:25', 66, 69, 72, 75, 78, 81, 84, 87, 92, 97),
(28, '00:01:26', 65, 68, 71, 74, 77, 80, 83, 86, 91, 96),
(29, '00:01:27', 64, 67, 70, 73, 76, 79, 82, 85, 90, 95),
(30, '00:01:28', 63, 66, 69, 72, 75, 78, 81, 84, 89, 94),
(31, '00:01:29', 62, 65, 68, 71, 74, 77, 80, 83, 88, 93),
(32, '00:01:30', 61, 64, 67, 70, 73, 76, 79, 82, 87, 92),
(33, '00:01:31', 60, 63, 66, 69, 72, 75, 78, 81, 86, 91),
(34, '00:01:32', 59, 62, 65, 68, 71, 74, 77, 80, 85, 90),
(35, '00:01:33', 58, 61, 64, 67, 70, 73, 76, 79, 84, 89),
(36, '00:01:34', 57, 60, 63, 66, 69, 72, 75, 78, 83, 88),
(37, '00:01:35', 56, 59, 62, 65, 68, 71, 74, 77, 82, 87),
(38, '00:01:36', 55, 58, 61, 64, 67, 70, 73, 76, 81, 86),
(39, '00:01:37', 54, 57, 60, 63, 66, 69, 72, 75, 80, 85),
(40, '00:01:38', 53, 56, 59, 62, 65, 68, 71, 74, 79, 84),
(41, '00:01:39', 52, 55, 58, 61, 64, 67, 70, 73, 78, 83),
(42, '00:01:40', 51, 54, 57, 60, 63, 66, 69, 72, 77, 82),
(43, '00:01:41', 50, 53, 56, 59, 62, 65, 68, 71, 76, 81),
(44, '00:01:42', 49, 52, 55, 58, 61, 64, 67, 70, 75, 80),
(45, '00:01:43', 48, 51, 54, 57, 60, 63, 66, 69, 74, 79),
(46, '00:01:44', 47, 50, 53, 56, 59, 62, 65, 68, 73, 78),
(47, '00:01:45', 46, 49, 52, 55, 58, 61, 64, 67, 72, 77),
(48, '00:01:46', 45, 48, 51, 54, 57, 60, 63, 66, 71, 76),
(49, '00:01:47', 44, 47, 50, 53, 56, 59, 62, 65, 70, 75),
(50, '00:01:48', 43, 46, 49, 52, 55, 58, 61, 64, 69, 74),
(51, '00:01:49', 42, 45, 48, 51, 54, 57, 60, 63, 68, 73),
(52, '00:01:50', 41, 44, 47, 50, 53, 56, 59, 62, 67, 72),
(53, '00:01:51', 40, 43, 46, 49, 52, 55, 58, 61, 66, 71),
(54, '00:01:52', 39, 42, 45, 48, 51, 54, 57, 60, 65, 70),
(55, '00:01:53', 38, 41, 44, 47, 50, 53, 56, 59, 64, 69),
(56, '00:01:54', 37, 40, 43, 46, 49, 52, 55, 58, 63, 68),
(57, '00:01:55', 36, 39, 42, 45, 48, 51, 54, 57, 62, 67),
(58, '00:01:56', 35, 38, 41, 44, 47, 50, 53, 56, 61, 66),
(59, '00:01:57', 34, 37, 40, 43, 46, 49, 52, 55, 60, 65),
(60, '00:01:58', 33, 36, 39, 42, 45, 48, 51, 54, 59, 64),
(61, '00:01:59', 32, 35, 38, 41, 44, 47, 50, 53, 58, 63),
(62, '00:02:00', 31, 34, 37, 40, 43, 46, 49, 52, 57, 62),
(63, '00:02:01', 30, 33, 36, 39, 42, 45, 48, 51, 56, 61),
(64, '00:02:02', 29, 32, 35, 38, 41, 44, 47, 50, 55, 60),
(65, '00:02:03', 28, 31, 34, 37, 40, 43, 46, 49, 54, 59),
(66, '00:02:04', 27, 30, 33, 36, 39, 42, 45, 48, 53, 58),
(67, '00:02:05', 26, 29, 32, 35, 38, 41, 44, 47, 52, 57),
(68, '00:02:06', 25, 28, 31, 34, 37, 40, 43, 46, 51, 56),
(69, '00:02:07', 24, 27, 30, 33, 36, 39, 42, 45, 50, 55),
(70, '00:02:08', 23, 26, 29, 32, 35, 38, 41, 44, 49, 54),
(71, '00:02:09', 22, 25, 28, 31, 34, 37, 40, 43, 48, 53),
(72, '00:02:10', 21, 24, 27, 30, 33, 36, 39, 42, 47, 52),
(73, '00:02:11', 20, 23, 26, 29, 32, 35, 38, 41, 46, 51),
(74, '00:02:12', 19, 22, 25, 28, 31, 34, 37, 40, 45, 50),
(75, '00:02:13', 18, 21, 24, 27, 30, 33, 36, 39, 44, 49),
(76, '00:02:14', 17, 20, 23, 26, 29, 32, 35, 38, 43, 48),
(77, '00:02:15', 16, 19, 22, 25, 28, 31, 34, 37, 42, 47),
(78, '00:02:16', 15, 18, 21, 24, 27, 30, 33, 36, 41, 46),
(79, '00:02:17', 14, 17, 20, 23, 26, 29, 32, 35, 40, 45),
(80, '00:02:18', 13, 16, 19, 22, 25, 28, 31, 34, 39, 44),
(81, '00:02:19', 12, 15, 18, 21, 24, 27, 30, 33, 38, 43),
(82, '00:02:20', 11, 14, 17, 20, 23, 26, 29, 32, 37, 42),
(83, '00:02:21', 10, 13, 16, 19, 22, 25, 28, 31, 36, 41),
(84, '00:02:22', 9, 12, 15, 18, 21, 24, 27, 30, 35, 40),
(85, '00:02:23', 8, 11, 14, 17, 20, 23, 26, 29, 34, 39),
(86, '00:02:24', 7, 10, 13, 16, 19, 22, 25, 28, 33, 38),
(87, '00:02:25', 6, 9, 12, 15, 18, 21, 24, 27, 32, 37),
(88, '00:02:26', 5, 8, 11, 14, 17, 20, 23, 26, 31, 36),
(89, '00:02:27', 4, 7, 10, 13, 16, 19, 22, 25, 30, 35),
(90, '00:02:28', 3, 6, 9, 12, 15, 18, 21, 24, 29, 34),
(91, '00:02:29', 2, 5, 8, 11, 14, 17, 20, 23, 28, 33),
(92, '00:02:30', 1, 4, 7, 10, 13, 16, 19, 22, 27, 32),
(93, '00:02:31', 1, 3, 6, 9, 12, 15, 18, 21, 26, 31),
(94, '00:02:32', 1, 2, 5, 8, 11, 14, 17, 20, 25, 30),
(95, '00:02:33', 1, 1, 4, 7, 10, 13, 16, 19, 24, 29),
(96, '00:02:34', 1, 1, 3, 6, 9, 12, 15, 18, 23, 28),
(97, '00:02:35', 1, 1, 2, 5, 8, 11, 14, 17, 22, 27),
(98, '00:02:36', 1, 1, 1, 4, 7, 10, 13, 16, 21, 26),
(99, '00:02:37', 1, 1, 1, 3, 6, 9, 12, 15, 20, 25),
(100, '00:02:38', 1, 1, 1, 2, 5, 8, 11, 14, 19, 24),
(101, '00:02:39', 1, 1, 1, 1, 4, 7, 10, 13, 18, 23),
(102, '00:02:40', 1, 1, 1, 1, 3, 6, 9, 12, 17, 22),
(103, '00:02:41', 1, 1, 1, 1, 2, 5, 8, 11, 16, 21),
(104, '00:02:42', 1, 1, 1, 1, 1, 4, 7, 10, 15, 20),
(105, '00:02:43', 1, 1, 1, 1, 1, 3, 6, 9, 14, 19),
(106, '00:02:44', 1, 1, 1, 1, 1, 2, 5, 8, 13, 18),
(107, '00:02:45', 1, 1, 1, 1, 1, 1, 4, 7, 12, 17),
(108, '00:02:46', 1, 1, 1, 1, 1, 1, 3, 6, 11, 16),
(109, '00:02:47', 1, 1, 1, 1, 1, 1, 2, 5, 10, 15),
(110, '00:02:48', 1, 1, 1, 1, 1, 1, 1, 4, 9, 14),
(111, '00:02:49', 1, 1, 1, 1, 1, 1, 1, 3, 8, 13),
(112, '00:02:50', 1, 1, 1, 1, 1, 1, 1, 2, 7, 12),
(113, '00:02:51', 1, 1, 1, 1, 1, 1, 1, 1, 6, 11),
(114, '00:02:52', 1, 1, 1, 1, 1, 1, 1, 1, 5, 10),
(115, '00:02:53', 1, 1, 1, 1, 1, 1, 1, 1, 4, 9),
(116, '00:02:54', 1, 1, 1, 1, 1, 1, 1, 1, 3, 8),
(117, '00:02:55', 1, 1, 1, 1, 1, 1, 1, 1, 2, 7),
(118, '00:02:56', 1, 1, 1, 1, 1, 1, 1, 1, 1, 6),
(119, '00:02:57', 1, 1, 1, 1, 1, 1, 1, 1, 1, 5),
(120, '00:02:58', 1, 1, 1, 1, 1, 1, 1, 1, 1, 4),
(121, '00:02:59', 1, 1, 1, 1, 1, 1, 1, 1, 1, 3),
(122, '00:03:00', 1, 1, 1, 1, 1, 1, 1, 1, 1, 2),
(123, '00:03:01', 1, 1, 1, 1, 1, 1, 1, 1, 1, 1);

-- --------------------------------------------------------

--
-- Struktur dari tabel `satker`
--

CREATE TABLE IF NOT EXISTS `satker` (
  `id_satker` int(11) NOT NULL,
  `nama_satker` varchar(100) DEFAULT NULL,
  `id_kotama` int(11) DEFAULT NULL
) ENGINE=InnoDB DEFAULT CHARSET=latin1;

-- --------------------------------------------------------

--
-- Struktur dari tabel `tb_nilai`
--

CREATE TABLE IF NOT EXISTS `tb_nilai` (
  `id` int(11) NOT NULL,
  `id_data_personil` int(11) DEFAULT NULL,
  `kelompok_umur` varchar(5) DEFAULT NULL,
  `tinggi_badan` int(11) DEFAULT NULL,
  `berat_badan` int(11) DEFAULT NULL,
  `kelas` varchar(50) DEFAULT NULL,
  `nilai_bmi` int(11) DEFAULT NULL,
  `nilai_postur` int(11) DEFAULT NULL,
  `kategori` varchar(50) DEFAULT NULL,
  `lari` time DEFAULT NULL,
  `pull_up` int(11) DEFAULT NULL,
  `sit_up` int(11) DEFAULT NULL,
  `push_up` int(11) DEFAULT NULL,
  `shuttle_run` double DEFAULT NULL,
  `renang` time DEFAULT NULL,
  `nilai` double DEFAULT NULL,
  `keterangan` varchar(30) DEFAULT NULL,
  `id_seldik` int(11) DEFAULT NULL,
  `date_created` date DEFAULT NULL,
  `date_updated` datetime DEFAULT NULL,
  `flag_del` varchar(1) DEFAULT NULL
) ENGINE=InnoDB AUTO_INCREMENT=10 DEFAULT CHARSET=latin1;

--
-- Dumping data untuk tabel `tb_nilai`
--

INSERT INTO `tb_nilai` (`id`, `id_data_personil`, `kelompok_umur`, `tinggi_badan`, `berat_badan`, `kelas`, `nilai_bmi`, `nilai_postur`, `kategori`, `lari`, `pull_up`, `sit_up`, `push_up`, `shuttle_run`, `renang`, `nilai`, `keterangan`, `id_seldik`, `date_created`, `date_updated`, `flag_del`) VALUES
(1, 2, 'III', 176, 95, NULL, NULL, NULL, NULL, '00:16:45', 4, 36, 25, 20, '00:01:25', NULL, NULL, NULL, '2018-11-11', NULL, '1'),
(2, 1, 'VI', 169, 89, NULL, NULL, NULL, NULL, '00:18:56', 14, 35, 35, 19, '00:00:45', NULL, NULL, NULL, '2018-11-11', NULL, '0'),
(3, 4, 'V', 175, 73, 'Ideal Atas', 24, 91, 'Memenuhi Sarat', '00:18:30', 4, 35, 35, 19, '00:01:10', 66.7125, 'Tidak Lulus', NULL, '2018-11-11', '2018-11-19 10:01:30', '0'),
(7, 2, 'III', 175, 80, 'Harmonis Atas', 26, 71, 'Memenuhi Sarat', '00:13:00', 3, 30, 30, 18.3, '00:00:20', 75.7, 'Tidak Lulus', NULL, '2018-08-11', '2018-11-15 11:13:34', '0'),
(8, 6, 'IV', 165, 70, 'Harmonis Atas', 26, 71, 'Memenuhi Sarat', '00:20:00', 35, 25, 25, 20, '00:01:30', 72.7, 'Lulus', NULL, '2018-11-15', '2018-11-15 11:01:03', '0'),
(9, 6, 'IV', 175, 70, 'Ideal Bawah', 23, 81, 'Memenuhi Sarat', '00:20:00', 30, 20, 20, 20, '00:01:40', 68.1, 'Tidak Lulus', NULL, '2018-11-15', '2018-11-15 11:00:42', '0');

-- --------------------------------------------------------

--
-- Struktur dari tabel `users`
--

CREATE TABLE IF NOT EXISTS `users` (
  `user_id` int(11) NOT NULL,
  `user_name` varchar(100) CHARACTER SET utf8 NOT NULL,
  `user_password` longtext NOT NULL,
  `user_type_id` int(11) NOT NULL,
  `user_status` int(11) NOT NULL,
  `on_date` timestamp NOT NULL DEFAULT CURRENT_TIMESTAMP,
  `date_created` datetime DEFAULT NULL,
  `date_updated` datetime DEFAULT NULL,
  `flag_del` int(1) DEFAULT '0'
) ENGINE=InnoDB AUTO_INCREMENT=40 DEFAULT CHARSET=latin1 ROW_FORMAT=COMPACT;

--
-- Dumping data untuk tabel `users`
--

INSERT INTO `users` (`user_id`, `user_name`, `user_password`, `user_type_id`, `user_status`, `on_date`, `date_created`, `date_updated`, `flag_del`) VALUES
(1, 'admin', '21232f297a57a5a743894a0e4a801fc3', 0, 1, '2016-04-11 12:04:28', NULL, NULL, NULL),
(23, 'dekahuha', '827ccb0eea8a706c4c34a16891f84e7b', 2, 1, '2018-11-04 06:06:32', NULL, '2018-11-07 15:37:21', 0),
(24, 'admindeka', '99f9b2cd7dfc324b219ac2e5ce29e5d5', 0, 1, '2018-11-04 06:07:50', NULL, NULL, 0),
(25, 'love', 'b5c0b187fe309af0f4d35982fd961d7e', 1, 1, '2018-11-04 06:24:48', '2018-11-04 01:24:48', NULL, 0),
(26, 'lola', 'fceeb9b9d469401fe558062c4bd25954', 1, 1, '2018-11-04 06:26:50', '2018-11-04 13:26:50', '2018-11-04 13:29:25', 1),
(27, 'to', '01b6e20344b68835c5ed1ddedf20d531', 0, 1, '2018-11-06 22:58:48', '2018-11-07 05:58:48', NULL, 0),
(37, '123345566', '3c4f40c702600b2df7e4ab5a5154ba81', 1, 1, '2018-11-19 08:34:50', '2018-11-19 15:34:50', NULL, 0),
(39, '116789', '29f9b600ea2ffbe9e572af61b898f12f', 1, 1, '2018-11-19 08:43:07', '2018-11-19 15:43:07', NULL, 0);

-- --------------------------------------------------------

--
-- Struktur dari tabel `user_types`
--

CREATE TABLE IF NOT EXISTS `user_types` (
  `user_type_id` int(11) NOT NULL,
  `user_type_title` varchar(30) CHARACTER SET utf8 NOT NULL
) ENGINE=InnoDB AUTO_INCREMENT=3 DEFAULT CHARSET=latin1 ROW_FORMAT=COMPACT;

--
-- Dumping data untuk tabel `user_types`
--

INSERT INTO `user_types` (`user_type_id`, `user_type_title`) VALUES
(1, 'Front'),
(2, 'Admin');

-- --------------------------------------------------------

--
-- Struktur dari tabel `user_type_access`
--

CREATE TABLE IF NOT EXISTS `user_type_access` (
  `user_type_id` int(11) NOT NULL,
  `class` varchar(30) NOT NULL,
  `method` varchar(30) NOT NULL,
  `access` int(11) NOT NULL
) ENGINE=InnoDB DEFAULT CHARSET=latin1 ROW_FORMAT=COMPACT;

--
-- Dumping data untuk tabel `user_type_access`
--

INSERT INTO `user_type_access` (`user_type_id`, `class`, `method`, `access`) VALUES
(0, 'admin', '*', 1),
(0, 'dataadmin', '*', 1),
(0, 'datanilai', '*', 1),
(0, 'personel', '*', 1),
(0, 'suratmasuk', '*', 1),
(0, 'users', '*', 1),
(0, 'workflow', '*', 1),
(0, 'workflowsurat', '*', 1),
(1, 'front', '*', 1);

--
-- Indexes for dumped tables
--

--
-- Indexes for table `dataadmin`
--
ALTER TABLE `dataadmin`
  ADD PRIMARY KEY (`id`) USING BTREE;

--
-- Indexes for table `jenis_seldik`
--
ALTER TABLE `jenis_seldik`
  ADD PRIMARY KEY (`id_seldik`);

--
-- Indexes for table `kotama`
--
ALTER TABLE `kotama`
  ADD PRIMARY KEY (`id_kotama`);

--
-- Indexes for table `lari_pria`
--
ALTER TABLE `lari_pria`
  ADD PRIMARY KEY (`id_nilai`);

--
-- Indexes for table `lari_wanita`
--
ALTER TABLE `lari_wanita`
  ADD PRIMARY KEY (`id_nilai`);

--
-- Indexes for table `mabes`
--
ALTER TABLE `mabes`
  ADD PRIMARY KEY (`id_mabes`);

--
-- Indexes for table `nilai_b_pria`
--
ALTER TABLE `nilai_b_pria`
  ADD PRIMARY KEY (`id`);

--
-- Indexes for table `nilai_b_wanita`
--
ALTER TABLE `nilai_b_wanita`
  ADD PRIMARY KEY (`id`);

--
-- Indexes for table `personel`
--
ALTER TABLE `personel`
  ADD PRIMARY KEY (`id`);

--
-- Indexes for table `satker`
--
ALTER TABLE `satker`
  ADD PRIMARY KEY (`id_satker`);

--
-- Indexes for table `tb_nilai`
--
ALTER TABLE `tb_nilai`
  ADD PRIMARY KEY (`id`);

--
-- Indexes for table `users`
--
ALTER TABLE `users`
  ADD PRIMARY KEY (`user_id`) USING BTREE;

--
-- Indexes for table `user_types`
--
ALTER TABLE `user_types`
  ADD PRIMARY KEY (`user_type_id`) USING BTREE;

--
-- Indexes for table `user_type_access`
--
ALTER TABLE `user_type_access`
  ADD UNIQUE KEY `user_type_id` (`user_type_id`,`class`,`method`) USING BTREE;

--
-- AUTO_INCREMENT for dumped tables
--

--
-- AUTO_INCREMENT for table `dataadmin`
--
ALTER TABLE `dataadmin`
  MODIFY `id` int(11) NOT NULL AUTO_INCREMENT,AUTO_INCREMENT=3;
--
-- AUTO_INCREMENT for table `jenis_seldik`
--
ALTER TABLE `jenis_seldik`
  MODIFY `id_seldik` int(11) NOT NULL AUTO_INCREMENT;
--
-- AUTO_INCREMENT for table `kotama`
--
ALTER TABLE `kotama`
  MODIFY `id_kotama` int(11) NOT NULL AUTO_INCREMENT;
--
-- AUTO_INCREMENT for table `mabes`
--
ALTER TABLE `mabes`
  MODIFY `id_mabes` int(11) NOT NULL AUTO_INCREMENT;
--
-- AUTO_INCREMENT for table `personel`
--
ALTER TABLE `personel`
  MODIFY `id` int(11) NOT NULL AUTO_INCREMENT,AUTO_INCREMENT=10;
--
-- AUTO_INCREMENT for table `satker`
--
ALTER TABLE `satker`
  MODIFY `id_satker` int(11) NOT NULL AUTO_INCREMENT;
--
-- AUTO_INCREMENT for table `tb_nilai`
--
ALTER TABLE `tb_nilai`
  MODIFY `id` int(11) NOT NULL AUTO_INCREMENT,AUTO_INCREMENT=10;
--
-- AUTO_INCREMENT for table `users`
--
ALTER TABLE `users`
  MODIFY `user_id` int(11) NOT NULL AUTO_INCREMENT,AUTO_INCREMENT=40;
--
-- AUTO_INCREMENT for table `user_types`
--
ALTER TABLE `user_types`
  MODIFY `user_type_id` int(11) NOT NULL AUTO_INCREMENT,AUTO_INCREMENT=3;
/*!40101 SET CHARACTER_SET_CLIENT=@OLD_CHARACTER_SET_CLIENT */;
/*!40101 SET CHARACTER_SET_RESULTS=@OLD_CHARACTER_SET_RESULTS */;
/*!40101 SET COLLATION_CONNECTION=@OLD_COLLATION_CONNECTION */;
